query_id,merchant_id,merchant_name,base_rank_score,distance_km,rating_score,open_score
nearby_q_001,ChIJW4knxqEvdTERhuMXJ4-RYL8,"Tiệm rửa xe, sửa xe, bảo dưỡng xe 2 bánh - TN Detailing-Motorcycle wash",0.72066,2.4934433410860506,1.0,1.0
nearby_q_001,ChIJCQmWVNMvdTERNLWPf_PE3WE,An Khang Detailing - Xưởng chăm xe vui vẻ,0.704536,2.304096355657788,0.98,1.0
nearby_q_001,ChIJR49LHcItdTERIiTJj8DLsa0,XE ĐẸP DETAILING - ĐỘ XE Ô TÔ - ĐỖ XE 24/24 - RỬA XE,0.748584,1.2176262123088961,0.94,1.0
nearby_q_001,ChIJkaXsi8ovdTERV9vqRTJPqNQ,Storedetailing,0.664757,0.7702169038104405,0.84,1.0
nearby_q_002,ChIJh8yyigPYdDERalJPyL7NpNc,Tiệm Rửa Xe Thành,0.545864,0.7816441933509384,1.0,1.0
nearby_q_002,ChIJkYfDXsUndTEREk9eYE2TDi8,Rửa Xe Takashi,0.571936,2.193895039684231,0.9,1.0
nearby_q_003,ChIJL3GiFugpdTER3DjuORNSeRI,Cứu Hộ Xe Máy - Sửa Xe Máy Tại Nhà 24h Minh Thành Motor,0.662592,4.763645532458589,1.0,1.0
nearby_q_004,ChIJ660DJwArdTERaswe-O5w_A4,Tiệm rửa xe ôtô xe máy,0.570864,2.0731899257630753,1.0,1.0
nearby_q_004,ChIJU0GMXwApdTER0nAk4v8nxsw,"Rửa Xe 39 - Ôtô, Xe máy",0.470864,3.1360635933749106,1.0,0.5
nearby_q_004,ChIJvxjCZQArdTERbx0gfTlKUB8,Tiệm Rửa Xe ÔTÔ & Xe Máy Dũng Hoàng,0.370864,3.6143413653849112,1.0,0.0
nearby_q_004,ChIJwyhdiEsqdTERh06rOjUU_B0,"Tiệm rửa xe, vá lốp ôtô & xe máy Số 1",0.646936,3.850938763234091,0.9,1.0
nearby_q_005,ChIJocSD1MAodTERy3XameV2IcM,Rửa Xe Bi,0.634868,5.659914475645141,0.72,1.0
nearby_q_005,ChIJx7Jetc4udTERaURpkyVmgdg,Tiệm Rửa Xe Dân Trí,0.669455,3.0777537651609026,0.98,1.0
nearby_q_005,ChIJh49VXwQvdTERteVbwQETYQM,Dịch Vụ Rửa Xe 109,0.674013,1.3728631199615284,1.0,1.0
nearby_q_005,ChIJ8wSxnnIvdTER4tuq_TmGSO8,Tiệm Rửa Xe F1,0.595864,3.179723418204989,1.0,1.0
nearby_q_005,ChIJEfV43q4vdTERoRbWxB-ctVM,Rửa xe tự động JetX,0.694069,3.7006267610287047,0.78,1.0
nearby_q_005,ChIJk40j8kIudTERxtnQif0wKqg,Dịch Vụ Rửa Xe 16,0.593068,3.504734012959424,0.9,1.0
nearby_q_005,ChIJxa8x3tEodTERlTMK1pUYjO4,Rửa Xe 192 - Phú Nhuận,0.710547,4.312677791514464,0.76,1.0
nearby_q_005,ChIJpxll1HMvdTERs9PaZvJhiSQ,Tiệm Rửa Xe T & T,0.528068,3.645171079667404,0.7,1.0
nearby_q_005,ChIJO8ghhXgudTER-_-GpmlNkdQ,Dịch Vụ Rửa Xe Thanh Sơn,0.602017,5.187780470325747,0.7,1.0
nearby_q_005,ChIJ35wD6AIvdTERcdM5ZxvwoYA,Dịch Vụ Rửa Xe A Thuận,0.613364,0.7818643057096196,1.0,1.0
nearby_q_005,ChIJnYEfIYcvdTERyn-385Cj0go,"Thanh An Autocare - Vỏ Lốp, Cứu Hộ Ô Tô Chăm Sóc Xe Quận 7",0.849357,5.799662479603447,0.98,1.0
nearby_q_005,ChIJAxwRPmwvdTERJPonxNY8yCU,VinaWash Phú Nhuận,0.718807,4.299563366662894,0.84,1.0
nearby_q_005,ChIJ1YVX-igvdTERaJMz766nH6U,Tiệm Rửa Xe 39,0.718153,2.3917900725846204,0.8,1.0
nearby_q_005,ChIJeUtNRwAvdTEReYPFG0EmXTA,Rửa xe oto xe máy SBS,0.781404,3.491787772961323,1.0,1.0
nearby_q_005,ChIJv7ct6zMvdTERf-RfP3cNIyk,Rửa Xe 170,0.811,3.475580608615524,0.88,1.0
nearby_q_005,ChIJBRwQhiEvdTER3nNM1IQr4AU,Rửa xe 100B,0.635013,1.456427638795412,0.88,1.0
nearby_q_005,ChIJZXS7KtkudTERR1DL-aT9xH8,Rửa xe Kỳ Hòa,0.641368,1.5523743806159829,0.74,1.0
nearby_q_005,ChIJOaLdHtUudTERUEZfCm_bDLs,Rửa Xe Tiến Đạt 2,0.550944,3.141971202560976,0.8,1.0
nearby_q_005,ChIJM5mkDZgudTERa_PHXXgHoII,Rửa xe Hoàng Quân,0.565308,3.786543163711711,0.78,1.0
nearby_q_005,ChIJpUp2VXAvdTER-hp9STrxCRM,Rửa Xe 116,0.625013,4.020558667830599,0.98,1.0
nearby_q_005,ChIJ6fxG6kIvdTER-Zg9XHB3_pw,Rửa Xe Bảo Long,0.64164,4.156330626509394,1.0,1.0
nearby_q_005,ChIJy7RnTAAvdTERuHa74kwoWG0,"Bãi Giữ Xe, Rửa Xe Ôtô 635 Nguyễn Trãi",0.585205,1.1811527050480053,0.88,1.0
nearby_q_005,ChIJl89HdFctdTERqKyEp2Nh9KA,Thiên Wash Super Car Q6,0.608936,5.558928269555216,0.86,1.0
nearby_q_005,ChIJfV9rpNgtdTERuPdxlY4OJfU,Rửa Xe Bọt Tuyết - Thay Nhớt,0.648541,5.6833167660921164,0.94,1.0
nearby_q_005,ChIJgQoKzTItdTERm747HBvuHis,Tiệm rửa xe thay nhớt dọn vệ sinh nội thất ôtô xe máy 287,0.628932,5.830796775253157,1.0,1.0
nearby_q_005,ChIJQ2Sr_mQudTERND7syqFzzcA,TIỆM RỬA XE BÌNH TIÊN,0.558068,3.899397103811824,1.0,1.0
nearby_q_005,ChIJzxq5an8udTER_donYV9xq2o,Tiệm Rửa Xe Chí Hoàng,0.545864,4.946401388129353,1.0,1.0
nearby_q_005,ChIJ0YbuMNYtdTERyPPybjYDyGQ,Tiệm Rửa Xe Gia Huy,0.525568,5.320771883869948,0.9,1.0
nearby_q_005,ChIJPQcH7HctdTERjGPXTmOGnFI,Green Wash Auto - Chăm sóc & Nâng cấp Oto,0.631092,5.439561302204445,0.98,1.0
nearby_q_005,ChIJJf-tgPktdTERnMlZk454dfQ,Tiệm rửa xe 7talon - CN01,0.595572,5.2315541132770225,0.96,1.0
nearby_q_005,ChIJ9zaRTX4udTERBr7JULUfLd8,707 Zone - Rửa Xe 707,0.566436,4.679977643003493,0.96,1.0
nearby_q_005,ChIJHU8nWgAvdTERICXUCipASJs,Dịch vụ rửa xe cộng đồng Chung Cư Lò Gốm,0.628932,4.15091679163247,1.0,1.0
nearby_q_005,ChIJGfU0Z-ovdTERc2ehGxgW5Os,Tiệm Sửa Xe Rửa Xe Máy 528,0.644308,3.7492510494236524,1.0,1.0
nearby_q_005,ChIJb1SyKw8vdTERs2Yk2qoCtz8,Rửa xe Thành Trung,0.585444,4.97868094963807,0.96,1.0
nearby_q_005,ChIJX0Z3P5YvdTERE6aj5EboTX4,Rửa Xe Hoàng Thái 286/6,0.561013,4.568890431001749,0.86,1.0
nearby_q_005,ChIJW4knxqEvdTERhuMXJ4-RYL8,"Tiệm rửa xe, sửa xe, bảo dưỡng xe 2 bánh - TN Detailing-Motorcycle wash",0.72066,4.9199470710752395,1.0,1.0
nearby_q_005,ChIJPYTJFgAtdTERRSbUlwIzepw,Rửa xe ong bắp cầy,0.520864,5.779143620987219,1.0,1.0
nearby_q_005,ChIJZTTHJQAtdTER30VeV0vaZtA,Rửa xe-thay nhớt Đức Minh,0.520864,5.2249596990348595,1.0,1.0
nearby_q_005,ChIJk3FpIa0vdTERpKPbusrwXtU,Rửa xe Bảo Đạt,0.542296,3.6738132137763575,0.9,1.0
nearby_q_005,ChIJzw1c3nMvdTERQ-_es7qw718,RỬA XE CẦU NÂNG-THAY NHỚT HƯNG PHÁT 24h/7-CHĂM SÓC XE AUTO CAR,0.725006,3.148227327684627,0.94,1.0
nearby_q_005,ChIJM1rb4cMldTERJN3k_5HfeXk,Q7 Auto Center - Rửa xe - Chăm sóc ô tô - Phụ kiện ô tô,0.595745,3.2548739725166467,0.74,1.0
nearby_q_005,ChIJ7UShNJwvdTER4KFEs3wRjA8,Rửa xe máy 79 Bọt tuyết Villa Hào,0.59366,4.872196984206066,0.84,1.0
nearby_q_005,ChIJXYD4TbsvdTERiUCTTjugBFw,Dịch Vụ Rửa Xe Ô Tô Quang Thiên,0.651955,4.135378358171265,0.98,1.0
nearby_q_005,ChIJvc8fqo0ldTERYst7zDyC8MQ,RỬA XE MINH NHỰT,0.595864,5.89351954108003,1.0,1.0
nearby_q_005,ChIJDbbGtm0vdTERVHUBjRDwqJ8,Trung Tâm Chăm Sóc Xe Minh Phát,0.631455,3.6599355726801033,0.84,1.0
nearby_q_005,ChIJV2CDWUsvdTERoCmtcUrUmaE,AUTOLINK VN Car Care Center,0.738314,3.7492982074304457,1.0,1.0
nearby_q_005,ChIJSUcHOncvdTERA8WKVaoaJLs,Rửa Xe 37,0.566728,4.1863568418704835,1.0,1.0
nearby_q_005,ChIJ43d1wJ4vdTERu3jbn2HEmZ4,Rửa xe Dũng,0.555856,4.06596754844089,0.86,1.0
nearby_q_005,ChIJLXbu5dIvdTER7g8ZL14rluM,Ánh Dương Detailing,0.728758,2.5683267467592237,0.96,1.0
nearby_q_005,ChIJQasFZlQudTERUnY-pRaF33E,Rua Xe 63,0.568379,2.013932775981216,0.92,1.0
nearby_q_005,ChIJvczLLHMudTERpJO_6uVwAaw,Bãi Giữ Xe Ô Tô - Rửa Xe 2574 Bình An,0.539932,5.382365592526161,0.88,1.0
nearby_q_005,ChIJcdWx_y8vdTERmWnQ3Z1fsHI,Rửa Xe 20,0.533177,3.502710665574265,0.88,1.0
nearby_q_005,ChIJcUA7eZcvdTERegYfkM6PQMg,"Rửa xe, Thay nhớt Trí 48",0.6158,1.8812569641864085,0.74,1.0
nearby_q_005,ChIJe6mdgWYvdTERBPBrRWm4bRg,Rửa xe Khiêm Khải,0.518572,2.578229338187992,0.8,1.0
nearby_q_005,ChIJVRABlWgudTER_alEeJRJeOA,Phát Rửa Xe - Sửa Xe,0.558068,3.82211543520619,1.0,1.0
nearby_q_005,ChIJN7tXj9ovdTERaHPUt88VtVs,Rửa xe Phong Phú,0.597205,2.2788584643015426,0.84,1.0
nearby_q_005,ChIJA7wsYakvdTERbeVCCoCEQaU,Rửa xe A Bảy,0.521796,2.3060483362339093,0.76,1.0
nearby_q_005,ChIJL2T8BY4udTERc2PfFI1z8OI,Tiệm Rửa Xe 130B Xóm Đất,0.529091,2.913258076960901,0.82,1.0
nearby_q_005,ChIJKbcy81UudTERkpGdL9UcyRE,Wash & Oil - Trung Tâm Đầu Nhớt Và Rửa Xe Chuyên Nghiệp,0.520864,1.567174867380864,1.0,1.0
nearby_q_005,ChIJaS06HOMpdTERYF3alhmcRWg,2N Detailing Car,0.681017,2.8322742941263206,0.92,1.0
nearby_q_005,ChIJv0s95ZMudTER6sXb07AgUZg,Tiệm Rửa Xe Hòa,0.455864,2.807458308825561,0.8,1.0
nearby_q_005,ChIJ92uFsuYudTERvyQu9b8g8Ws,Rửa Xe Hiếu,0.641598,0.4812372625189077,0.84,1.0
nearby_q_005,ChIJMfw2TQAvdTER1SLfRI5lVQM,Rửa xe Ô tô - Xe máy 49 Thành Thái,0.605513,1.5385885793260696,0.92,1.0
nearby_q_005,ChIJ9Vs22kovdTERow6znv_rO8k,Sửa - rửa xe HOÀNG THƯƠNG,0.645889,1.2543125584189394,0.92,1.0
nearby_q_005,ChIJcS_VSGIvdTERHwe7ppb-zVI,Rửa xe Nam,0.503091,3.9720369816992025,0.74,1.0
nearby_q_005,ChIJCQmWVNMvdTERNLWPf_PE3WE,An Khang Detailing - Xưởng chăm xe vui vẻ,0.704536,3.2001570694399497,0.98,1.0
nearby_q_005,ChIJm15DTZMudTERfdLD0CoKvkk,Tiệm Rửa Xe Tuấn,0.483444,2.257568730590907,0.8,1.0
nearby_q_005,ChIJM7P_4-wudTERQ9H4dubIkvs,Dịch Vụ Rửa Xe 140,0.522228,2.0530265471192144,0.94,1.0
nearby_q_005,ChIJBe0M-o8udTERv_YNVumFqGw,2A Rửa xe Chuyên Nghiệp,0.545864,3.3785939818229145,1.0,1.0
nearby_q_005,ChIJz-Ha0L0udTERtKlii4wCgYY,Rửa Xe 427,0.545864,3.2086355792588965,1.0,1.0
nearby_q_005,ChIJSa9fcfIudTERW2NFs6Jbxcg,Tiệm Rửa Xe Minh Đức,0.570572,1.7863076330568046,0.96,1.0
nearby_q_005,ChIJ6yzjcqAvdTERcvVFrDNFz_M,RỬA XE 148,0.632128,3.7723657538189683,0.98,1.0
nearby_q_005,ChIJuTqPJXQpdTERyZA9HLklfaY,Rửa xe,0.578932,4.846332535405384,1.0,1.0
nearby_q_005,ChIJebUewawodTERkj5o7Llokso,Rửa xe Cô Vân,0.620053,5.619367756803026,0.74,1.0
nearby_q_005,ChIJa-KQDNYpdTERi9r--Kt8tik,Rửa xe 22,0.602932,5.893939874492068,0.92,1.0
nearby_q_005,ChIJhfQaIaopdTER2ELJYK5oEic,Rửa xe 54,0.570541,5.654851970313309,0.7,1.0
nearby_q_005,ChIJu2tmmpspdTERCK-1gOJhBL4,Rửa xe Đình An,0.618379,5.466379438293967,0.92,1.0
nearby_q_005,ChIJK6JHgKsodTERm6UGeCKw7so,Rửa Xe - Thay Nhớt Tấn Phong,0.547228,5.922732886438091,0.94,1.0
nearby_q_005,ChIJmWMY5WQpdTERo53lf4hICZA,Rửa xe ô tô tự động JetX - Xô Viết Nghệ Tĩnh,0.662592,5.798409283726498,1.0,1.0
nearby_q_005,ChIJJ7nc98AodTER-eUOFyYSut0,RỬA XE MINH ĐỨC( MINH ĐỨC WASH),0.656513,5.932535735578043,1.0,1.0
nearby_q_005,ChIJ7RD6mUQpdTERda6cUV17nPc,Rửa xe máy,0.652753,5.5441319712283645,0.8,1.0
nearby_q_005,ChIJFXXccH8pdTERiiAE5msivWA,Rửa xe oto xe máy Lê Sơn,0.63514,5.961729560755674,0.98,1.0
nearby_q_005,ChIJqyScx6gvdTERn7780zpzSEs,Rửa xe Trọng Hữu,0.665363,4.2229304095758105,0.96,1.0
nearby_q_005,ChIJBVGXtx4pdTERLe9VRcHr_Ao,Rửa xe hơi,0.501728,4.324151895056181,0.8,1.0
nearby_q_005,ChIJE15xZR8pdTERjhHTMKfts8c,Trung tâm chăm sóc xe Phước Thắng,0.694856,4.469833497763022,0.98,1.0
nearby_q_005,ChIJkSQ5sOsvdTERcNDqTNVgDCY,Rửa xe 79 Lý Thường Kiệt,0.58616,3.254672683833322,0.74,1.0
nearby_q_005,ChIJ4125gUwpdTERrnzAA-z9GJs,TIỆM RỬA XE THAY NHỚT 25,0.602932,4.689124371840553,0.92,1.0
nearby_q_005,ChIJm1O96dIudTERcD1jU6rlpNI,Tiệm Rửa Xe 67,0.547228,3.2714502629397675,0.94,1.0
nearby_q_005,ChIJ1ZUpBBEpdTERVTiWZz1qDEM,DIAMOND DETAILING - Chăm sóc xe chuyên nghiệp Tân Bình,0.718683,5.545578595073394,0.98,1.0
nearby_q_005,ChIJd1yMf7YvdTERJDoGEVtrQy0,RỬA XE CHĂM SÓC XE Ô TÔ CHUYÊN NGHIỆP - LUX AUTO DETAILING,0.612205,4.340667452843362,0.8,1.0
nearby_q_005,ChIJa0Ioe3kvdTERneUe8H-ItFc,Rửa xe bọt tuyết 34,0.558068,5.590505087191095,1.0,1.0
nearby_q_005,ChIJR49LHcItdTERIiTJj8DLsa0,XE ĐẸP DETAILING - ĐỘ XE Ô TÔ - ĐỖ XE 24/24 - RỬA XE,0.748584,4.964709370155881,0.94,1.0
nearby_q_005,ChIJoR3SkCwsdTER0lqlQ5kQF3c,Dịch Vụ Rửa Xe Mạnh Khang,0.578436,5.628452652273642,0.92,1.0
nearby_q_005,ChIJC8RJnIwvdTER83b1UlHd4Xs,Rửa xe Vườn Lài,0.545864,5.381149731710936,1.0,1.0
nearby_q_005,ChIJwYnMSAAtdTERnVEwCXlMctE,Rửa xe máy - ô tô,0.658572,5.140998830823956,1.0,1.0
nearby_q_005,ChIJLeRnKbUpdTERnp0hBlwn0es,TIỆM RỬA XE HỒNG PHÚC,0.567296,5.9029626712598535,0.9,1.0
nearby_q_005,ChIJ8fZM-OwvdTER_f1tQEM9__I,Rửa xe Ô Tô - Xe Máy Kiết Lân,0.656308,4.774794368120675,0.96,1.0
nearby_q_005,ChIJ19PwuJ0udTERUBh9phz0coc,Rửa Xe Trung Bảo,0.556492,4.590974854342287,0.76,1.0
nearby_q_005,ChIJFdc1fQAvdTERJrNhc4N_YrA,Rửa xe chuyên nghiệp NAOTA MUOI DO with T,0.534001,4.477197948784351,0.76,1.0
nearby_q_005,ChIJ_-SKGKoudTERHDEBvqz3CPU,Rửa Xe - Thay Nhớt Thuạn Lợi,0.545864,5.541458291361313,1.0,1.0
nearby_q_005,ChIJZaU-GN8odTERlgCuwcK_Qt4,Rửa Xe Bi,0.713417,5.289179000159151,0.96,1.0
nearby_q_005,ChIJgwxC60spdTER3x4ANrltVxE,40 phan tây hồ,0.637592,4.813781976245173,1.0,1.0
nearby_q_005,ChIJ2yMrw_8pdTER0DH_CbI0avI,Tiêm rửa xe phương thảo,0.554296,4.994710249983643,0.86,1.0
nearby_q_005,ChIJIYuOTg4pdTERRp8sLayExvI,Máy Rửa Xe Cao Áp - Công Ty Sơn Tùng Lâm,0.566728,4.312729875588245,1.0,1.0
nearby_q_005,ChIJ_ePVDgApdTERic0nX2iwDUg,Rửa Xe 111,0.545864,5.156695259593201,1.0,1.0
nearby_q_005,ChIJ2fDrVDkpdTERT7jVOFeYn2Q,Rửa xe bubblesWash,0.568572,5.1157152835113004,0.8,1.0
nearby_q_005,ChIJTaV9egApdTERWHqpwsaIPBA,Tèo rửa xe thay nhớt,0.598444,4.1989855568161625,1.0,1.0
nearby_q_005,ChIJnW6iKs4odTERV38FHz8ZxEs,Công Ty Cổ Phần Vietwash,0.5778,4.451120814523989,0.7,1.0
nearby_q_005,ChIJeREh3fwpdTEREu1cZPxtdPc,"GodiCar Care Center - Spa Xe Oto, Xe Máy, Rửa Xe, Thay Nhớt, Dịch Vụ Trông Giữ Xe 24/24",0.611592,5.022072315154911,0.92,1.0
nearby_q_005,ChIJdxjE8JMpdTERnAUyvPtxWuo,Car and motorcycle detailing,0.595864,4.12214866024325,1.0,1.0
nearby_q_005,ChIJB4-7VVcvdTERFGf8fzD2VKk,Rửa Xe Mai Tuấn,0.620572,2.375546747696322,0.96,1.0
nearby_q_005,ChIJLUc60dYodTERVRhGesrzQM8,"Vòi rửa xe, máy bơm rửa xe",0.616728,4.278670200847242,1.0,1.0
nearby_q_005,ChIJt4iAA9QpdTERYuimTqEKPUg,D superwash,0.608068,5.418518233295767,1.0,1.0
nearby_q_005,ChIJGcObtsEvdTERtjKymIh1lkI,Rửa Xe Đức,0.545864,5.2213871836337775,1.0,1.0
nearby_q_005,ChIJV85ZmMwtdTERpyNN1B1pnN0,Bờm Auto - Thuê xe tự lái & rửa xe,0.693348,5.476844064213781,1.0,1.0
nearby_q_005,ChIJA3oXRKAvdTERP0Cd8Ub6Jhk,RỬA XE TÂN AN HUY (SWS),0.57114,5.648986682677285,0.86,1.0
nearby_q_007,ChIJndqxqskrdTERUv8TK3yNMA0,Rửa xe Thương Đoàn,0.332228,2.882432412468754,0.74,0.0
nearby_q_007,ChIJvxjCZQArdTERbx0gfTlKUB8,Tiệm Rửa Xe ÔTÔ & Xe Máy Dũng Hoàng,0.370864,3.1062361316716003,1.0,0.0
nearby_q_007,ChIJL48FotcpdTEREQrDaq63f5Q,Nội thất ôtô Sài Thành,0.370864,1.0517602130688422,1.0,0.0
nearby_q_008,ChIJgQoKzTItdTERm747HBvuHis,Tiệm rửa xe thay nhớt dọn vệ sinh nội thất ôtô xe máy 287,0.628932,0.4200945812036013,1.0,1.0
nearby_q_009,ChIJnYEfIYcvdTERyn-385Cj0go,"Thanh An Autocare - Vỏ Lốp, Cứu Hộ Ô Tô Chăm Sóc Xe Quận 7",0.849357,2.0781348643808233,0.98,1.0
nearby_q_009,ChIJ-whsrHoldTERpgRPmx2F6OY,Bro Detailing,0.712021,1.016637315997782,0.94,1.0
nearby_q_009,ChIJzw1c3nMvdTERQ-_es7qw718,RỬA XE CẦU NÂNG-THAY NHỚT HƯNG PHÁT 24h/7-CHĂM SÓC XE AUTO CAR,0.725006,4.62518653961134,0.94,1.0
nearby_q_009,ChIJDbbGtm0vdTERVHUBjRDwqJ8,Trung Tâm Chăm Sóc Xe Minh Phát,0.631455,4.111495198300696,0.84,1.0
nearby_q_009,ChIJV2CDWUsvdTERoCmtcUrUmaE,AUTOLINK VN Car Care Center,0.738314,4.101468999681773,1.0,1.0
nearby_q_009,ChIJb5Uen0QldTERBdvoB9UKu_s,BTWO Detailing - Dịch vụ chăm sóc xe,0.688364,0.9615439458059569,0.94,1.0
nearby_q_009,ChIJM_K8-IAvdTERWPZHJr-V6bM,Vietnam Car Care,0.760528,1.019439794635052,0.98,1.0
nearby_q_009,ChIJaS06HOMpdTERYF3alhmcRWg,2N Detailing Car,0.681017,6.1595111314601265,0.92,1.0
nearby_q_010,ChIJp3zNbKItdTERosSqSZP7VAU,"Bãi Rửa Xe Máy, Xe Ô Tô Hoàng Vũ",0.758053,1.3629483237696667,0.88,1.0
nearby_q_010,ChIJgQoKzTItdTERm747HBvuHis,Tiệm rửa xe thay nhớt dọn vệ sinh nội thất ôtô xe máy 287,0.628932,0.39901356490545453,1.0,1.0
nearby_q_010,ChIJGfU0Z-ovdTERc2ehGxgW5Os,Tiệm Sửa Xe Rửa Xe Máy 528,0.644308,2.4747537998127163,1.0,1.0
nearby_q_010,ChIJW4knxqEvdTERhuMXJ4-RYL8,"Tiệm rửa xe, sửa xe, bảo dưỡng xe 2 bánh - TN Detailing-Motorcycle wash",0.72066,1.4604285365287692,1.0,1.0
nearby_q_010,ChIJoT-HspgtdTERBcoGqMrCpq0,"Bãi Rửa Xe (xe máy,ôtô,xe tải)",0.591092,4.7267495729117925,0.78,1.0
nearby_q_010,ChIJwYnMSAAtdTERnVEwCXlMctE,Rửa xe máy - ô tô,0.658572,3.005832900297288,1.0,1.0
nearby_q_010,ChIJFff3FBMtdTERZbeRtTMhAvs,Rửa Xe Ô Tô - Xe Máy 24/24 Comeco,0.524072,0.34259422423238567,0.74,1.0
nearby_q_010,ChIJdT26-jUsdTERdPzNGSL0gjM,Trung Tâm Rửa - Giữ Xe Oto - Xe Máy 68,0.636569,2.1528644106786667,0.82,1.0
nearby_q_011,ChIJ9xOW4RErdTERn0I4o_CR9J0,Tổng Kho Thiết Bị Rửa Xe Hồ Chí Minh - Miền Nam,0.705308,1.3836065329642424,0.98,1.0
nearby_q_011,ChIJg_HsuhsrdTERiEPArN9ppyk,Tư Vấn Mở Tiệm Rửa Xe Ô Tô Xe Máy TEARU,0.701137,1.339418007383296,0.9,1.0
nearby_q_011,ChIJF18FEjLXdDER2esvX8ZJRtg,VinaWash - Tân Phú,0.799411,1.7027752706189518,0.94,1.0
nearby_q_011,ChIJK7D8m28pdTEREKgyK6aySo8,Auto Care 68 - Chăm Sóc Xe Hơi Quận 12,0.721274,3.330960636167038,0.98,1.0
nearby_q_011,ChIJg3q4BHMpdTERTvfOjDMAfnw,Trung tâm Chăm sóc xe chuyên nghiệp Minh Huy,0.741238,3.4911097267616085,1.0,1.0
nearby_q_011,ChIJT_0lGQArdTERaQb3NJy4Io8,Trung tâm chăm sóc rửa xe Anh Em,0.628932,1.782426954004288,1.0,1.0
nearby_q_011,ChIJvxjCZQArdTERbx0gfTlKUB8,Tiệm Rửa Xe ÔTÔ & Xe Máy Dũng Hoàng,0.370864,3.115216500327322,1.0,0.0
nearby_q_011,ChIJ10xYpLIrdTERfmLaNoCswF4,Tiệm Rửa Xe 527,0.612001,3.315556340319356,1.0,1.0
nearby_q_011,ChIJSyNDlccrdTERWfWofzGKPOc,Hoàng tấn rửa xe,0.595864,3.1331298064282276,1.0,1.0
nearby_q_011,ChIJuY52JmcpdTERhgDnRu-RC2s,Tiệm Rửa Xe Út,0.440944,2.0345546747224965,0.9,0.5
nearby_q_011,ChIJgTH9XeQrdTERgB-2deLVAZc,Rửa Xe Hà Anh,0.596819,1.2502919656768057,0.9,1.0
nearby_q_011,ChIJTWkqpMArdTER-wxvgnjxLIo,Tiệm Rửa Xe Minh Thuần,0.447228,1.3055601065506857,0.94,0.5
nearby_q_011,ChIJKXdY1iwrdTER2OyuGxR9dWI,Rửa xe Nam Vi,0.573444,2.8992065042034936,1.0,1.0
nearby_q_011,ChIJmR_HbS8rdTERW_MPC6TllGQ,Rửa xe,0.545864,2.56033143107754,1.0,1.0
nearby_q_011,ChIJa0Ioe3kvdTERneUe8H-ItFc,Rửa xe bọt tuyết 34,0.558068,3.418002452255465,1.0,1.0
nearby_q_011,ChIJgfiozZcrdTERgrpi6nzaZUw,Tiệm Rửa Xe Lợi,0.545864,2.281011676223107,1.0,1.0
nearby_q_011,ChIJsWLDPNIrdTERTFyKf-ULxM4,Rửa Xe Máy - Ô tô,0.565944,2.2593471581328637,0.9,1.0
nearby_q_011,ChIJZcCZ49MrdTERqM8yPq0EMxs,Rửa xe 326,0.649001,1.9594628260983489,0.96,1.0
nearby_q_011,ChIJLeRnKbUpdTERnp0hBlwn0es,TIỆM RỬA XE HỒNG PHÚC,0.567296,2.905704787131373,0.9,1.0
nearby_q_011,ChIJlyvZpuQrdTERgPYy_5tbByM,Tiệm Rửa Xe - Thay Nhớt Ô Tô,0.558068,1.5134981549594715,1.0,1.0
nearby_q_011,ChIJaRNnpqUpdTERc_-eo8TslVY,Prime Shine Detailing - Rửa Xe Ô Tô Tân Bình- Giữ Xe 24/24,0.708081,3.189837816902068,0.98,1.0
nearby_q_011,ChIJsUb44OErdTERLZRoEGZHttc,Rửa xe tự động Tiến Bộ,0.570864,1.4922884640731897,1.0,1.0
nearby_q_011,ChIJgSi0jeArdTERVfVaVYFHD1I,Tiệm Rửa Xe 33,0.558068,0.995123647606797,1.0,1.0
nearby_q_011,ChIJT53MetordTERYUcGsCKCEdw,GRAGE - RỬA XE HOÀNG BÁCH OIL DEPOT,0.573444,0.9809781394827997,1.0,1.0
nearby_q_011,ChIJ97n0EyErdTERKXa0j4I8VG8,Rửa xe Tin Tin,0.447228,2.315789560181484,0.94,0.5
nearby_q_011,ChIJJaJF2-UrdTERHMb_1brVrU8,Gara Phú Thịnh Auto,0.675213,1.9976148159749096,0.96,1.0
nearby_q_011,ChIJbeOvk1cpdTERJuxjZlCAdHg,Tiệm Rửa Xe Bảo Minh,0.558068,2.205321036831556,1.0,1.0
nearby_q_011,ChIJ0ajBbwArdTERR-yB5ICf2Rw,RS Car Detail | Chăm sóc xe có tâm,0.641728,0.9157416064432418,1.0,1.0
nearby_q_011,ChIJaWwZs_8rdTERZRVK4X5LewY,Trung Tâm Nâng Cấp & Phụ Kiện Ô Tô - VICARE AUTO,0.730245,1.6158574394986354,1.0,1.0
nearby_q_011,ChIJoSAZrJErdTERxuO2wsJ14fI,Tiệm rửa xe máy Phước,0.603932,1.7893340524974568,1.0,1.0
nearby_q_011,ChIJuebhunwpdTER11Ktb4AyQSg,"Trung tâm chăm sóc, đồ chơi xe hơi Since 1985 Auto",0.658455,2.695944889555038,1.0,1.0
nearby_q_011,ChIJZcUIDgApdTERdA46njrocSk,bãi giữ xe Tiến Dương,0.558068,2.5060586689673645,1.0,1.0
nearby_q_011,ChIJzcBUKSUpdTERVr4l5CEefjo,Dịch vụ rửa xe Bo,0.345864,3.0791440168922026,1.0,0.0
nearby_q_011,ChIJ85Fp_6otdTERGmUNEVAXaBs,Rưa xe Nhựt Linh,0.595864,3.0144979878767337,1.0,1.0
nearby_q_011,ChIJ7ccfhX0rdTERPu1BlnIPX1U,Rửa xe ô tô xe máy Anh Hạ,0.620864,2.7018041862971485,1.0,1.0
nearby_q_011,ChIJwyhdiEsqdTERh06rOjUU_B0,"Tiệm rửa xe, vá lốp ôtô & xe máy Số 1",0.646936,3.285176126710367,0.9,1.0
nearby_q_011,ChIJ6cG9LpordTER2-KaPOsMb7U,Hệ Thống Rửa Xe Siêu Nhân Xanh,0.616728,2.860954741938639,1.0,1.0
nearby_q_011,ChIJ-yHgeYordTER4s81OrdG11M,Rửa Xe 247,0.615932,3.1556514544348278,0.96,1.0
nearby_q_012,ChIJpwpSMJ8pdTERB-V-jQTgYcM,Tiệm rửa xe bình dân,0.56078,6.25608645575941,0.64,1.0
nearby_q_012,ChIJ9xOW4RErdTERn0I4o_CR9J0,Tổng Kho Thiết Bị Rửa Xe Hồ Chí Minh - Miền Nam,0.705308,4.6872004481527,0.98,1.0
nearby_q_012,ChIJocSD1MAodTERy3XameV2IcM,Rửa Xe Bi,0.634868,6.041493407086538,0.72,1.0
nearby_q_012,ChIJx7Jetc4udTERaURpkyVmgdg,Tiệm Rửa Xe Dân Trí,0.669455,2.4979262638867183,0.98,1.0
nearby_q_012,ChIJEfV43q4vdTERoRbWxB-ctVM,Rửa xe tự động JetX,0.694069,6.2465937352736995,0.78,1.0
nearby_q_012,ChIJuc2eU-8rdTERRAGZtIvziVo,Cầu Nâng 1 Trụ Rửa Xe Ô Tô TAGORE,0.611137,4.680842150239947,0.7,1.0
nearby_q_012,ChIJxa8x3tEodTERlTMK1pUYjO4,Rửa Xe 192 - Phú Nhuận,0.710547,4.996129570104445,0.76,1.0
nearby_q_012,ChIJCTQOeB0vdTERFoN_cRNv9QA,Rửa Xe Huy Hoàng,0.627876,5.820808365844557,0.64,1.0
nearby_q_012,ChIJE_yWQ6MudTERPyxFeTTaMm0,Rửa xe Hiệp Toàn,0.737924,5.1665247870378606,0.88,1.0
nearby_q_012,ChIJg_HsuhsrdTERiEPArN9ppyk,Tư Vấn Mở Tiệm Rửa Xe Ô Tô Xe Máy TEARU,0.701137,4.643091483718847,0.9,1.0
nearby_q_012,ChIJF18FEjLXdDER2esvX8ZJRtg,VinaWash - Tân Phú,0.799411,2.1410755970111706,0.94,1.0
nearby_q_012,ChIJ35wD6AIvdTERcdM5ZxvwoYA,Dịch Vụ Rửa Xe A Thuận,0.613364,6.291538573313028,1.0,1.0
nearby_q_012,ChIJK7D8m28pdTEREKgyK6aySo8,Auto Care 68 - Chăm Sóc Xe Hơi Quận 12,0.721274,5.1665361350841845,0.98,1.0
nearby_q_012,ChIJPQ8m-2EpdTERZKS8WSDmA08,Vá Vỏ Lưu Động - Rửa Xe ô tô Quận Tân Bình - Phượng Lân,0.69339,3.4691234545557825,0.8,1.0
nearby_q_012,ChIJAxwRPmwvdTERJPonxNY8yCU,VinaWash Phú Nhuận,0.718807,5.026567108864068,0.84,1.0
nearby_q_012,ChIJ1YVX-igvdTERaJMz766nH6U,Tiệm Rửa Xe 39,0.718153,4.636504229415693,0.8,1.0
nearby_q_012,ChIJeUtNRwAvdTEReYPFG0EmXTA,Rửa xe oto xe máy SBS,0.781404,5.543912058238868,1.0,1.0
nearby_q_012,ChIJd_9VbR8vdTEROPUOjqft6Mc,Rửa xe Hoàng,0.572172,5.528116404532968,0.66,1.0
nearby_q_012,ChIJv7ct6zMvdTERf-RfP3cNIyk,Rửa Xe 170,0.811,5.731919009765114,0.88,1.0
nearby_q_012,ChIJBRwQhiEvdTER3nNM1IQr4AU,Rửa xe 100B,0.635013,5.251863906167502,0.88,1.0
nearby_q_012,ChIJZXS7KtkudTERR1DL-aT9xH8,Rửa xe Kỳ Hòa,0.641368,4.364898604138648,0.74,1.0
nearby_q_012,ChIJg3q4BHMpdTERTvfOjDMAfnw,Trung tâm Chăm sóc xe chuyên nghiệp Minh Huy,0.741238,4.8012328678590634,1.0,1.0
nearby_q_012,ChIJOaLdHtUudTERUEZfCm_bDLs,Rửa Xe Tiến Đạt 2,0.550944,3.640200723657982,0.8,1.0
nearby_q_012,ChIJvYcOjuQodTER-rZvU9XLEfQ,Tiệm Rửa XeTrung Tín,0.559205,5.008928660555771,0.66,1.0
nearby_q_012,ChIJM5mkDZgudTERa_PHXXgHoII,Rửa xe Hoàng Quân,0.565308,3.365536259106554,0.78,1.0
nearby_q_012,ChIJy7RnTAAvdTERuHa74kwoWG0,"Bãi Giữ Xe, Rửa Xe Ôtô 635 Nguyễn Trãi",0.585205,5.753125950151925,0.88,1.0
nearby_q_012,ChIJzxq5an8udTER_donYV9xq2o,Tiệm Rửa Xe Chí Hoàng,0.545864,6.235152453008852,1.0,1.0
nearby_q_012,ChIJPQcH7HctdTERjGPXTmOGnFI,Green Wash Auto - Chăm sóc & Nâng cấp Oto,0.631092,6.441014268710141,0.98,1.0
nearby_q_012,ChIJ9zaRTX4udTERBr7JULUfLd8,707 Zone - Rửa Xe 707,0.566436,5.986793585671073,0.96,1.0
nearby_q_012,ChIJHU8nWgAvdTERICXUCipASJs,Dịch vụ rửa xe cộng đồng Chung Cư Lò Gốm,0.628932,6.139397696188592,1.0,1.0
nearby_q_012,ChIJGfU0Z-ovdTERc2ehGxgW5Os,Tiệm Sửa Xe Rửa Xe Máy 528,0.644308,5.364790836369673,1.0,1.0
nearby_q_012,ChIJZTTHJQAtdTER30VeV0vaZtA,Rửa xe-thay nhớt Đức Minh,0.520864,5.264605344577927,1.0,1.0
nearby_q_012,ChIJL2T8BY4udTERc2PfFI1z8OI,Tiệm Rửa Xe 130B Xóm Đất,0.529091,4.637070975982164,0.82,1.0
nearby_q_012,ChIJhaM33pgpdTERFUK5gtpsAB8,Tý Rửa Xe,0.493068,4.744142139383645,0.8,1.0
nearby_q_012,ChIJv0s95ZMudTER6sXb07AgUZg,Tiệm Rửa Xe Hòa,0.455864,4.072771963152697,0.8,1.0
nearby_q_012,ChIJ92uFsuYudTERvyQu9b8g8Ws,Rửa Xe Hiếu,0.641598,5.045397399490522,0.84,1.0
nearby_q_012,ChIJMfw2TQAvdTER1SLfRI5lVQM,Rửa xe Ô tô - Xe máy 49 Thành Thái,0.605513,3.9915595480837234,0.92,1.0
nearby_q_012,ChIJ_ePva-IudTER3hqpNrbWafM,hethongchamsocxe.com,0.510376,5.599971509676105,0.64,1.0
nearby_q_012,ChIJ939LseMudTERpPKl4NCFgvs,Rửa Xe 33,0.469796,5.465932640805576,0.6,1.0
nearby_q_012,ChIJ9Vs22kovdTERow6znv_rO8k,Sửa - rửa xe HOÀNG THƯƠNG,0.645889,4.311327552341029,0.92,1.0
nearby_q_012,ChIJcS_VSGIvdTERHwe7ppb-zVI,Rửa xe Nam,0.503091,3.4921959478674767,0.74,1.0
nearby_q_012,ChIJCQmWVNMvdTERNLWPf_PE3WE,An Khang Detailing - Xưởng chăm xe vui vẻ,0.704536,5.114765492757162,0.98,1.0
nearby_q_012,ChIJm15DTZMudTERfdLD0CoKvkk,Tiệm Rửa Xe Tuấn,0.483444,4.203818404375782,0.8,1.0
nearby_q_012,ChIJM7P_4-wudTERQ9H4dubIkvs,Dịch Vụ Rửa Xe 140,0.522228,4.458842529562594,0.94,1.0
nearby_q_012,ChIJv-X3SpcudTEROvT_nBGLfUs,Tiệm Rửa Xe 260,0.462944,3.891034381564979,0.66,1.0
nearby_q_012,ChIJBe0M-o8udTERv_YNVumFqGw,2A Rửa xe Chuyên Nghiệp,0.545864,4.4336177268037416,1.0,1.0
nearby_q_012,ChIJz-Ha0L0udTERtKlii4wCgYY,Rửa Xe 427,0.545864,3.139802743174278,1.0,1.0
nearby_q_012,ChIJSa9fcfIudTERW2NFs6Jbxcg,Tiệm Rửa Xe Minh Đức,0.570572,4.928941989323908,0.96,1.0
nearby_q_012,ChIJ6yzjcqAvdTERcvVFrDNFz_M,RỬA XE 148,0.632128,4.625353243207097,0.98,1.0
nearby_q_012,ChIJ8ejDhhYsdTER38GORUgRfBs,Quán rửa xe Mười 305/11,0.503091,4.335457127890288,0.74,1.0
nearby_q_012,ChIJuTqPJXQpdTERyZA9HLklfaY,Rửa xe,0.578932,1.846441283046049,1.0,1.0
nearby_q_012,ChIJJbmfLo8pdTERoAEm9vXAuW8,Rửa Xe 16,0.545864,5.544349103750343,1.0,1.0
nearby_q_012,ChIJT_0lGQArdTERaQb3NJy4Io8,Trung tâm chăm sóc rửa xe Anh Em,0.628932,4.070469621000951,1.0,1.0
nearby_q_012,ChIJ2Rcm-8gpdTERcJ2VC0tDbq4,Ô tô Tấn Tới Q12,0.566728,6.296419143523012,1.0,1.0
nearby_q_012,ChIJTWxEfyUrdTERK5FoRgrpB2U,ADTEDEK Detailing | Dịch Vụ Rửa & Chăm Sóc Xe,0.620177,4.678532033126051,0.84,1.0
nearby_q_012,ChIJha2t3ekodTEReIYG_s_iMBg,Rửa Xe Thanh Vân,0.504455,6.280074977175493,0.68,1.0
nearby_q_012,ChIJa-KQDNYpdTERi9r--Kt8tik,Rửa xe 22,0.602932,5.311384024852108,0.92,1.0
nearby_q_012,ChIJ8SzGl2spdTERykzQQPfiebQ,MINH VŨ - RỬA XE BÌNH THẠNH,0.482228,5.12706603084444,0.74,1.0
nearby_q_012,ChIJhfQaIaopdTER2ELJYK5oEic,Rửa xe 54,0.570541,5.834563613429975,0.7,1.0
nearby_q_012,ChIJAd9frigpdTERpugpDXEMxuY,Chỗ Rửa Xe,0.415864,6.220702043501284,0.6,1.0
nearby_q_012,ChIJg80AdX4pdTERC6nJbmzm1Yg,Rửa xe Bình Triệu Hoá Dầu,0.436728,5.825577416952882,0.6,1.0
nearby_q_012,ChIJJ7nc98AodTER-eUOFyYSut0,RỬA XE MINH ĐỨC( MINH ĐỨC WASH),0.656513,6.12959039153912,1.0,1.0
nearby_q_012,ChIJbbjeA9spdTER80lmGQK94QU,"🔧 Sửa Xe Tay Ga – Làm Nồi Tay Ga – Rửa Xe Moto Uy Tín Tại số 88 Nguyễn khuyến, Quận Bình Thạnh, TP.HCM",0.723738,6.4061428343945614,1.0,1.0
nearby_q_012,ChIJ7RD6mUQpdTERda6cUV17nPc,Rửa xe máy,0.652753,0.49275935595757625,0.8,1.0
nearby_q_012,ChIJoXZmyu4rdTERbuUsj31vz1c,Tiệm Rửa Xe Tân Bình,0.480864,3.3770512570726305,0.8,1.0
nearby_q_012,ChIJFXXccH8pdTERiiAE5msivWA,Rửa xe oto xe máy Lê Sơn,0.63514,3.3237231803815868,0.98,1.0
nearby_q_012,ChIJqyScx6gvdTERn7780zpzSEs,Rửa xe Trọng Hữu,0.665363,2.141990802647063,0.96,1.0
nearby_q_012,ChIJ10xYpLIrdTERfmLaNoCswF4,Tiệm Rửa Xe 527,0.612001,6.389280205586107,1.0,1.0
nearby_q_012,ChIJSyNDlccrdTERWfWofzGKPOc,Hoàng tấn rửa xe,0.595864,5.343025164296342,1.0,1.0
nearby_q_012,ChIJgTH9XeQrdTERgB-2deLVAZc,Rửa Xe Hà Anh,0.596819,2.3835583969667242,0.9,1.0
nearby_q_012,ChIJBVGXtx4pdTERLe9VRcHr_Ao,Rửa xe hơi,0.501728,1.2761925256315578,0.8,1.0
nearby_q_012,ChIJE15xZR8pdTERjhHTMKfts8c,Trung tâm chăm sóc xe Phước Thắng,0.694856,2.1086125243380587,0.98,1.0
nearby_q_012,ChIJkSQ5sOsvdTERcNDqTNVgDCY,Rửa xe 79 Lý Thường Kiệt,0.58616,2.2764772591170974,0.74,1.0
nearby_q_012,ChIJ4125gUwpdTERrnzAA-z9GJs,TIỆM RỬA XE THAY NHỚT 25,0.602932,0.8387097054021913,0.92,1.0
nearby_q_012,ChIJm1O96dIudTERcD1jU6rlpNI,Tiệm Rửa Xe 67,0.547228,2.89318860723533,0.94,1.0
nearby_q_012,ChIJfXakHRkpdTER1n5X5stG_RM,Tiệm Rửa Xe Duy,0.608068,3.3206830358123764,1.0,1.0
nearby_q_012,ChIJKXdY1iwrdTER2OyuGxR9dWI,Rửa xe Nam Vi,0.573444,4.637229460081481,1.0,1.0
nearby_q_012,ChIJ1ZUpBBEpdTERVTiWZz1qDEM,DIAMOND DETAILING - Chăm sóc xe chuyên nghiệp Tân Bình,0.718683,1.633554810890475,0.98,1.0
nearby_q_012,ChIJd1yMf7YvdTERJDoGEVtrQy0,RỬA XE CHĂM SÓC XE Ô TÔ CHUYÊN NGHIỆP - LUX AUTO DETAILING,0.612205,1.4326478781436816,0.8,1.0
nearby_q_012,ChIJmR_HbS8rdTERW_MPC6TllGQ,Rửa xe,0.545864,2.2169948888782596,1.0,1.0
nearby_q_012,ChIJa0Ioe3kvdTERneUe8H-ItFc,Rửa xe bọt tuyết 34,0.558068,1.603474808829288,1.0,1.0
nearby_q_012,ChIJR49LHcItdTERIiTJj8DLsa0,XE ĐẸP DETAILING - ĐỘ XE Ô TÔ - ĐỖ XE 24/24 - RỬA XE,0.748584,3.5627445179136683,0.94,1.0
nearby_q_012,ChIJz1mTmFIpdTERjiD69zHhYcU,Rửa Xe 91-93,0.449932,0.7404043430945959,0.68,1.0
nearby_q_012,ChIJgfiozZcrdTERgrpi6nzaZUw,Tiệm Rửa Xe Lợi,0.545864,5.286600582472643,1.0,1.0
nearby_q_012,ChIJSxP8MwYtdTERSJoQpDIRBDM,RỬA XE CƯỜNG THỊNH,0.623444,4.700807745658315,1.0,1.0
nearby_q_012,ChIJPZmXbh8rdTERGxpIuP3LKdg,Rửa xe ô tô xe máy,0.57416,3.448691835062,0.78,1.0
nearby_q_012,ChIJ38H8RSYtdTERwnKFSQ6DmEk,Rửa Xe Chuyên Nghiệp 409,0.605876,4.785011276474639,0.78,1.0
nearby_q_012,ChIJoR3SkCwsdTER0lqlQ5kQF3c,Dịch Vụ Rửa Xe Mạnh Khang,0.578436,5.834989659489465,0.92,1.0
nearby_q_012,ChIJC8RJnIwvdTER83b1UlHd4Xs,Rửa xe Vườn Lài,0.545864,1.7425544864168008,1.0,1.0
nearby_q_012,ChIJwYnMSAAtdTERnVEwCXlMctE,Rửa xe máy - ô tô,0.658572,3.9920342586476383,1.0,1.0
nearby_q_012,ChIJsWLDPNIrdTERTFyKf-ULxM4,Rửa Xe Máy - Ô tô,0.565944,2.03962069232157,0.9,1.0
nearby_q_012,ChIJZcCZ49MrdTERqM8yPq0EMxs,Rửa xe 326,0.649001,2.05592883084879,0.96,1.0
nearby_q_012,ChIJLeRnKbUpdTERnp0hBlwn0es,TIỆM RỬA XE HỒNG PHÚC,0.567296,1.0525907781767119,0.9,1.0
nearby_q_012,ChIJsVkt-KstdTERJRNTjAS1Kng,Rửa Xe Bình Long,0.564072,3.2623140851366994,0.94,1.0
nearby_q_012,ChIJ5WuTUBgrdTERtF8COGP7HMk,Shitek Auto Detailing Tân Phú,0.630308,2.6351138948516257,0.88,1.0
nearby_q_012,ChIJlyvZpuQrdTERgPYy_5tbByM,Tiệm Rửa Xe - Thay Nhớt Ô Tô,0.558068,2.1841694402408245,1.0,1.0
nearby_q_012,ChIJaRNnpqUpdTERc_-eo8TslVY,Prime Shine Detailing - Rửa Xe Ô Tô Tân Bình- Giữ Xe 24/24,0.708081,1.1287576827741128,0.98,1.0
nearby_q_012,ChIJsUb44OErdTERLZRoEGZHttc,Rửa xe tự động Tiến Bộ,0.570864,1.8554813663057876,1.0,1.0
nearby_q_012,ChIJ71DAuAEsdTERTkng6PCOjp8,RỬA XE CƯỜNG,0.49314,2.0061310551750733,0.62,1.0
nearby_q_012,ChIJgSi0jeArdTERVfVaVYFHD1I,Tiệm Rửa Xe 33,0.558068,2.375752283939407,1.0,1.0
nearby_q_012,ChIJ8fZM-OwvdTER_f1tQEM9__I,Rửa xe Ô Tô - Xe Máy Kiết Lân,0.656308,1.2759383778293043,0.96,1.0
nearby_q_012,ChIJ19PwuJ0udTERUBh9phz0coc,Rửa Xe Trung Bảo,0.556492,4.188160403209065,0.76,1.0
nearby_q_012,ChIJFdc1fQAvdTERJrNhc4N_YrA,Rửa xe chuyên nghiệp NAOTA MUOI DO with T,0.534001,4.1980653942617,0.76,1.0
nearby_q_012,ChIJ_-SKGKoudTERHDEBvqz3CPU,Rửa Xe - Thay Nhớt Thuạn Lợi,0.545864,1.8697421540520207,1.0,1.0
nearby_q_012,ChIJlZpef4grdTER7hfoHz9oAQM,Dịch Vụ Rửa Xe Tự Động Tiên Tiến,0.593572,1.934912703179877,0.8,1.0
nearby_q_012,ChIJD8_xMecrdTERbto7m7NZdcg,Tiệm Rửa Xe Bảo Hoàng,0.501728,2.5633983704003263,0.8,1.0
nearby_q_012,ChIJT53MetordTERYUcGsCKCEdw,GRAGE - RỬA XE HOÀNG BÁCH OIL DEPOT,0.573444,3.3885632896772395,1.0,1.0
nearby_q_012,ChIJd2IusuArdTERDRvWXfWkKcc,Tiệm Rửa Xe 82,0.415864,2.570264105961036,0.6,1.0
nearby_q_012,ChIJJaJF2-UrdTERHMb_1brVrU8,Gara Phú Thịnh Auto,0.675213,2.6312728252786104,0.96,1.0
nearby_q_012,ChIJbeOvk1cpdTERJuxjZlCAdHg,Tiệm Rửa Xe Bảo Minh,0.558068,1.2828353467104454,1.0,1.0
nearby_q_012,ChIJexLMReMrdTERBdtmTTwDRAA,Tiệm Rửa Xe Bọt Tuyết - Thay Nhớt Khánh Nhân,0.480864,2.03431983288751,0.8,1.0
nearby_q_012,ChIJ0ajBbwArdTERR-yB5ICf2Rw,RS Car Detail | Chăm sóc xe có tâm,0.641728,2.443484433631362,1.0,1.0
nearby_q_012,ChIJaWwZs_8rdTERZRVK4X5LewY,Trung Tâm Nâng Cấp & Phụ Kiện Ô Tô - VICARE AUTO,0.730245,3.1199636635888974,1.0,1.0
nearby_q_012,ChIJZaU-GN8odTERlgCuwcK_Qt4,Rửa Xe Bi,0.713417,4.0603867417416115,0.96,1.0
nearby_q_012,ChIJgwxC60spdTER3x4ANrltVxE,40 phan tây hồ,0.637592,4.862210137938674,1.0,1.0
nearby_q_012,ChIJ2yMrw_8pdTER0DH_CbI0avI,Tiêm rửa xe phương thảo,0.554296,4.156745045389811,0.86,1.0
nearby_q_012,ChIJIYuOTg4pdTERRp8sLayExvI,Máy Rửa Xe Cao Áp - Công Ty Sơn Tùng Lâm,0.566728,4.9925410098794885,1.0,1.0
nearby_q_012,ChIJ_ePVDgApdTERic0nX2iwDUg,Rửa Xe 111,0.545864,4.828577285056973,1.0,1.0
nearby_q_012,ChIJoSAZrJErdTERxuO2wsJ14fI,Tiệm rửa xe máy Phước,0.603932,1.8072131735449706,1.0,1.0
nearby_q_012,ChIJ2fDrVDkpdTERT7jVOFeYn2Q,Rửa xe bubblesWash,0.568572,5.006524290772309,0.8,1.0
nearby_q_012,ChIJTaV9egApdTERWHqpwsaIPBA,Tèo rửa xe thay nhớt,0.598444,4.058856899688519,1.0,1.0
nearby_q_012,ChIJnW6iKs4odTERV38FHz8ZxEs,Công Ty Cổ Phần Vietwash,0.5778,5.01922869046798,0.7,1.0
nearby_q_012,ChIJeREh3fwpdTEREu1cZPxtdPc,"GodiCar Care Center - Spa Xe Oto, Xe Máy, Rửa Xe, Thay Nhớt, Dịch Vụ Trông Giữ Xe 24/24",0.611592,3.890579870675427,0.92,1.0
nearby_q_012,ChIJiQcQmLQpdTERy68EeEtxhQs,Trung Tâm Chăm Sóc Xe 133,0.537569,3.8123993918397905,0.66,1.0
nearby_q_012,ChIJdxjE8JMpdTERnAUyvPtxWuo,Car and motorcycle detailing,0.595864,4.018753665611362,1.0,1.0
nearby_q_012,ChIJLUc60dYodTERVRhGesrzQM8,"Vòi rửa xe, máy bơm rửa xe",0.616728,4.436826929882504,1.0,1.0
nearby_q_012,ChIJt4iAA9QpdTERYuimTqEKPUg,D superwash,0.608068,3.9757170653130176,1.0,1.0
nearby_q_012,ChIJxV9RcVModTERRrogNkgVv6E,Tiệm Rửa Xe Tí Nị,0.610253,5.994176782665158,0.9,1.0
nearby_q_012,ChIJUeoLG9IpdTERlD_pYZAakF0,Rửa Xe Thằng Bờm,0.57589,5.065707388182361,0.8,1.0
nearby_q_012,ChIJv6G-7lUpdTERQgfBIeAeSk4,Rửa xe 77,0.653238,5.16837027346686,0.86,1.0
nearby_q_012,ChIJ8U3PEYcpdTERG1wm9NrHBgw,BÃI GIỮ XE & RỬA XE OTO 24/7,0.623444,5.26998260614717,1.0,1.0
nearby_q_012,ChIJl5SjuawpdTERla2HXrd15Uo,Tiệm Rửa Xe & sửa xe 62 GN SCOOTER,0.539296,5.768537683001668,0.66,1.0
nearby_q_012,ChIJAwIAypQpdTEROE4gFnnYQ-M,Rửa Xe Thằng Bờm 2 (294 Nguyễn Thái Sơn),0.567864,5.2640371566308986,0.8,1.0
nearby_q_012,ChIJJSEXFPwpdTERL6qFysNI0Y0,Rửa Xe Bọt Tuyết Duy Hiếu,0.558637,4.86891747715701,0.9,1.0
nearby_q_012,ChIJdx9agLApdTERe4xVTT63wng,Tiệm Rửa Xe Mạnh Tường,0.566728,5.890344408384801,1.0,1.0
nearby_q_012,ChIJv3cmeqgpdTER44dSE4M9Gbs,Dịch Vụ Rửa Xe Nghệ Thuật,0.545864,4.758244904558319,1.0,1.0
nearby_q_012,ChIJicio1KcpdTER027N-u4NYuc,Rửa Xe Thay Nhớt Lộc,0.563205,4.771091317546486,0.88,1.0
nearby_q_012,ChIJQxnzt3opdTERxCi-X6Y46v4,RỬA XE 3H,0.456228,5.677267718581593,0.66,1.0
nearby_q_012,ChIJuVM5vFkpdTERKkgdaRrik7c,Gara Rửa Xe Ô Tô CARBI,0.513932,4.662929092443104,0.8,1.0
nearby_q_012,ChIJA7QSL_kodTERp-zkuoE7Eec,Giữ Xe Ôtô Rửa Xe Ôtô - Xe Máy,0.570864,5.56155189355294,1.0,1.0
nearby_q_012,ChIJjysE6x0pdTERwqN6DiGix8w,Dịch Vụ Rửa Xe 5 Sao,0.569308,4.149328628037017,1.0,1.0
nearby_q_012,ChIJjf7EygApdTERQ0oAZlnGutw,Dịch Vụ Rửa Xe Tuấn,0.566728,4.768643394473611,1.0,1.0
nearby_q_012,ChIJuebhunwpdTER11Ktb4AyQSg,"Trung tâm chăm sóc, đồ chơi xe hơi Since 1985 Auto",0.658455,3.8343408367432312,1.0,1.0
nearby_q_012,ChIJA5UVkV0pdTERqEQlYq83cjE,Chăm Sóc Xe Oto 362,0.570864,5.383192392025904,1.0,1.0
nearby_q_012,ChIJO-rw2AcpdTERr0SQMgVXXwQ,Anh Thắng Service - Trung Tâm Chăm Sóc Xe Hơi Chuyên Nghiệp,0.677524,5.694852387222287,0.88,1.0
nearby_q_012,ChIJyYragc0pdTERJZUvuZwEEEc,SG Auto Detailing,0.704536,4.5461867174619615,0.98,1.0
nearby_q_012,ChIJVXwIZgApdTER5YaO1M_iXx0,RỬA XE MÁY 297,0.618308,4.164041867430463,0.92,1.0
nearby_q_012,ChIJZcUIDgApdTERdA46njrocSk,bãi giữ xe Tiến Dương,0.558068,3.554717436528053,1.0,1.0
nearby_q_012,ChIJz4WbAOUpdTERs9rK7CsKajA,Quang Trung Auto,0.626389,4.348541554101681,0.86,1.0
nearby_q_012,ChIJV85ZmMwtdTERpyNN1B1pnN0,Bờm Auto - Thuê xe tự lái & rửa xe,0.693348,4.8739614821190695,1.0,1.0
nearby_q_012,ChIJ85Fp_6otdTERGmUNEVAXaBs,Rưa xe Nhựt Linh,0.595864,4.113559785317028,1.0,1.0
nearby_q_012,ChIJX6NdyzEpdTERJfHT9Uw_bMU,Rửa xe Nguyễn Thái Bình,0.473389,1.3070648090553172,0.62,1.0
nearby_q_012,ChIJ7ccfhX0rdTERPu1BlnIPX1U,Rửa xe ô tô xe máy Anh Hạ,0.620864,5.546067188759177,1.0,1.0
nearby_q_012,ChIJAbCPoksqdTERvid1a9rOs9c,Rửa Xe 29,0.554296,6.411480940694801,0.86,1.0
nearby_q_012,ChIJ6cG9LpordTER2-KaPOsMb7U,Hệ Thống Rửa Xe Siêu Nhân Xanh,0.616728,6.196284985915756,1.0,1.0
nearby_q_012,ChIJ-yHgeYordTER4s81OrdG11M,Rửa Xe 247,0.615932,6.015493752510588,0.96,1.0
