review_id,record_key,place_id,place_name,address,reviewer_name,reviewer_title,rating,review_text,review_datetime,verified_purchase,helpful_count,response_from_owner,response_datetime,crawl_date,crawl_timestamp
ChZDSUhNMG9nS0VJQ0FnSUNWaUttcEZ3EAE,ChIJh49VXwQvdTERteVbwQETYQM,ChIJh49VXwQvdTERteVbwQETYQM,Dịch Vụ Rửa Xe 109,,Tim,,5,Great service :),,No,0,,,2026-03-21,2026-03-21T03:06:56.151Z
Ci9DQUlRQUNvZENodHljRjlvT21KSE1VaEhRUzFUTlVkcVF6aFhNRTV4WDA5clZVRRAB,ChIJh49VXwQvdTERteVbwQETYQM,ChIJh49VXwQvdTERteVbwQETYQM,Dịch Vụ Rửa Xe 109,,Hửu Thiện Bùi,,5,Chú rửa xe cực kì kĩ và rẻ so với các tiệm gần đó nha mn. Mình cũng tìm gg mấp thấy nên đánh giá để mn có chỗ tham khảo,,No,0,,,2026-03-21,2026-03-21T03:06:56.151Z
Ci9DQUlRQUNvZENodHljRjlvT2psbmIyVTNXVk53U0dWYU16VlljM2RZVWxRNGExRRAB,ChIJh49VXwQvdTERteVbwQETYQM,ChIJh49VXwQvdTERteVbwQETYQM,Dịch Vụ Rửa Xe 109,,Red,,5,"Chú rửa xe rất sạch và nhanh. Chú có bơm luôn bánh xe và thay nhớt nữa, tiện vô cùng. Chỉ 35k cho xe của mình. Cảm ơn chú nhiều. Lần tới sẽ ghé chú nữa ạ.",,No,0,,,2026-03-21,2026-03-21T03:06:56.151Z
Ci9DQUlRQUNvZENodHljRjlvT25OQlJVaE1lRFYwU0VOUFh6ZERObUo0YTIxMmMxRRAB,ChIJh49VXwQvdTERteVbwQETYQM,ChIJh49VXwQvdTERteVbwQETYQM,Dịch Vụ Rửa Xe 109,,Ngan Tu,,5,"40k, gần, rửa sạch, 2 chú nhiệt tình còn lau dùm vết keo.",,No,0,,,2026-03-21,2026-03-21T03:06:56.151Z
Ci9DQUlRQUNvZENodHljRjlvT2s4eU1FRlJRMDVVWHpoMlJXSlJRVFJCZG5oWGFsRRAB,ChIJh49VXwQvdTERteVbwQETYQM,ChIJh49VXwQvdTERteVbwQETYQM,Dịch Vụ Rửa Xe 109,,Nguyễn Thục Nhi,,5,"Mình thấy rửa sạch với kĩ
Giá cũng rẻ 35k
Sẽ quay lại ạ",,No,0,,,2026-03-21,2026-03-21T03:06:56.151Z
Ci9DQUlRQUNvZENodHljRjlvT20xbVExZDBNa1ZhUjJ0NlVXczFNa0UyUVhSM1RFRRAB,ChIJh49VXwQvdTERteVbwQETYQM,ChIJh49VXwQvdTERteVbwQETYQM,Dịch Vụ Rửa Xe 109,,Luân Giỏi,,5,Chú Rửa xe nhanh sạch sẽ chuyên nghiệp luôn quá tuyệt m.n nên ghé thử,,No,0,,,2026-03-21,2026-03-21T03:06:56.151Z
Ci9DQUlRQUNvZENodHljRjlvT2xjMFVYUjNVSFpzU1hvM1lXdFpkRTVCWWtoMWMyYxAB,ChIJh49VXwQvdTERteVbwQETYQM,ChIJh49VXwQvdTERteVbwQETYQM,Dịch Vụ Rửa Xe 109,,Thơ Trà,,5,"Chú rửa rất kĩ nha, vẫn 40k (8/2025)",,No,0,,,2026-03-21,2026-03-21T03:06:56.151Z
ChdDSUhNMG9nS0VQckN6NE9tMUtpbzZ3RRAB,ChIJh49VXwQvdTERteVbwQETYQM,ChIJh49VXwQvdTERteVbwQETYQM,Dịch Vụ Rửa Xe 109,,Duc Dao,,5,Các anh rửa siêu nhanh và sạch. Giá 35k hợp lý.,,No,0,,,2026-03-21,2026-03-21T03:06:56.151Z
ChdDSUhNMG9nS0VJQ0FnSUNIZ0lxamdRRRAB,ChIJ9721s2s7dTERy0AnDBTSPRQ,ChIJ9721s2s7dTERy0AnDBTSPRQ,Rửa xe 24h CAR-E,,Alvin Nguyen,,5,Love this place to get my Ducati washed! Best car wash in HCM!,,,,,,2026-03-21,2026-03-21T03:06:56.151Z
ChdDSUhNMG9nS0VJQ0FnSUMxc3JXeTZnRRAB,ChIJ9721s2s7dTERy0AnDBTSPRQ,ChIJ9721s2s7dTERy0AnDBTSPRQ,Rửa xe 24h CAR-E,,Stefan van der Bijl,,5,"Prompt and friendly service, they did a great job cleaning my very dirty bike, at a good price. Bike looks like new. Will definitely return.",,,,,,2026-03-21,2026-03-21T03:06:56.151Z
ChdDSUhNMG9nS0VJQ0FnSURHbnZldTdRRRAB,ChIJ9721s2s7dTERy0AnDBTSPRQ,ChIJ9721s2s7dTERy0AnDBTSPRQ,Rửa xe 24h CAR-E,,Lam tuyền Nguyễn ngọc (Louisngoctram),,5,OK good 👍,,,,,,2026-03-21,2026-03-21T03:06:56.151Z
ChZDSUhNMG9nS0VJQ0FnSURPNThfdFlBEAE,ChIJ9721s2s7dTERy0AnDBTSPRQ,ChIJ9721s2s7dTERy0AnDBTSPRQ,Rửa xe 24h CAR-E,,MINH SON NGUYÊN,,4,Ok. Goods.,,,,,,2026-03-21,2026-03-21T03:06:56.151Z
ChdDSUhNMG9nS0VJQ0FnTURnMkltNXJRRRAB,ChIJ9721s2s7dTERy0AnDBTSPRQ,ChIJ9721s2s7dTERy0AnDBTSPRQ,Rửa xe 24h CAR-E,,Dương Nguyễn,,5,"Các em Nhân viên vui vẻ, nhiệt tình.
Giá cả hợp lý 👍
Xe rửa sạch, chuẩn 👌
Chỗ chờ mát mẻ, có phục vụ khăn lạnh và nước suối.
Chắc chắn sẽ quay lại",,,,,,2026-03-21,2026-03-21T03:06:56.151Z
Ci9DQUlRQUNvZENodHljRjlvT2paWVMwVkJaVUZoWVd0dE1VMVZiWFpzWmpWdVRsRRAB,ChIJ9721s2s7dTERy0AnDBTSPRQ,ChIJ9721s2s7dTERy0AnDBTSPRQ,Rửa xe 24h CAR-E,,Dũng Lê văn,,1,Rửa ngoài hút bụi 130k chỉ xịt bọt tuyết qua rôi xịt nước ko lau xe ko chà vỏ xe làm xong ko đánh bóng vỏ xe ko dùng nước lau kính lau lại kính,,,,,,2026-03-21,2026-03-21T03:06:56.151Z
Ci9DQUlRQUNvZENodHljRjlvT2xKZldWOHdNV293VDFCcWNqSnFlWGwwVG5FM1ZtYxAB,ChIJ9721s2s7dTERy0AnDBTSPRQ,ChIJ9721s2s7dTERy0AnDBTSPRQ,Rửa xe 24h CAR-E,,Hiệp Van,,5,"Ok chất lượng tuyệt vời! Kĩ, sạch sẽ, giá cả phải chăng, có xuất hóa đơn",,,,,,2026-03-21,2026-03-21T03:06:56.151Z
Ci9DQUlRQUNvZENodHljRjlvT2tOSVFWVnZZak5pUTFReGFtUmthVGRWUXpsRFJFRRAB,ChIJ9721s2s7dTERy0AnDBTSPRQ,ChIJ9721s2s7dTERy0AnDBTSPRQ,Rửa xe 24h CAR-E,,Ngọc Nguyễn Lương,,1,"Nhân viên quá kém, không hướng dẫn khách chỗ đỗ xe để chờ, làm loay hoay tìm chỗ, vừa đỗ xong bị bảo vệ ra đuổi. Hỏi nhân viên thì chỉ kiểu chỉ tay 5 ngón, mặt mày thì nhăn nhó kiểu đang bị làm phiền, tìm được hay không thì kệ. Tôi tưởng tôi đang vô cơ quan nhà nước không đó, chứ ko phải khách. Hay rửa xe có 120k nên chê ít?",,,,,,2026-03-21,2026-03-21T03:06:56.151Z
ChZDSUhNMG9nS0VJQ0FnSURQeWNuNk9REAE,ChIJ8wSxnnIvdTER4tuq_TmGSO8,ChIJ8wSxnnIvdTER4tuq_TmGSO8,Tiệm Rửa Xe F1,,Gia Bảo Dương,,5,,,,,,,2026-03-21,2026-03-21T03:06:56.151Z
ChZDSUhNMG9nS0VJQ0FnSUNBZ05HS1BnEAE,ChIJ33qxbtYrdTERidhLRSC5-zk,ChIJ33qxbtYrdTERidhLRSC5-zk,Tiệm Rửa Xe,,Tapioca 3,,5,"2 anh em chủ tiệm là người trực tiếp rửa xe. Vui tính và hoạt ngôn.
Chỉ rửa xe máy.",,,,,,2026-03-21,2026-03-21T03:06:56.151Z
ChdDSUhNMG9nS0VJQ0FnSUN3eEttTjBnRRAB,ChIJ33qxbtYrdTERidhLRSC5-zk,ChIJ33qxbtYrdTERidhLRSC5-zk,Tiệm Rửa Xe,,Phung Kim,,5,hay va tot,,,,,,2026-03-21,2026-03-21T03:06:56.151Z
ChdDSUhNMG9nS0VJQ0FnSUNyLTlPbXpBRRAB,ChIJ33qxbtYrdTERidhLRSC5-zk,ChIJ33qxbtYrdTERidhLRSC5-zk,Tiệm Rửa Xe,,VN PT,,5,,,,,,,2026-03-21,2026-03-21T03:06:56.151Z
ChdDSUhNMG9nS0VJQ0FnSUR5OW9xcjdnRRAB,ChIJ33qxbtYrdTERidhLRSC5-zk,ChIJ33qxbtYrdTERidhLRSC5-zk,Tiệm Rửa Xe,,Anh Tran,,5,,,,,,,2026-03-21,2026-03-21T03:06:56.151Z
ChdDSUhNMG9nS0VJQ0FnSUQwbUxqNWd3RRAB,ChIJ33qxbtYrdTERidhLRSC5-zk,ChIJ33qxbtYrdTERidhLRSC5-zk,Tiệm Rửa Xe,,Dương Trần Duy,,5,,,,,,,2026-03-21,2026-03-21T03:06:56.151Z
Ci9DQUlRQUNvZENodHljRjlvT2paU2NXSkRVVVUzU0ZCRWN6WlNSRWxDY1ZWR1IxRRAB,ChIJ35wD6AIvdTERcdM5ZxvwoYA,ChIJ35wD6AIvdTERcdM5ZxvwoYA,Dịch Vụ Rửa Xe A Thuận,,Le Hung,,5,"Dịch Vụ Rửa Xe A Thuận làm tôi hài lòng từ sự sạch sẽ, gọn gàng đến thái độ nhân viên nhiệt tình. Xe được rửa kỹ càng, bóng bẩy hơn cả mong đợi. Không gian không rộng rãi lắm, nhưng công việc họ làm thì rất ổn. Nhược điểm nhỏ là thời gian chờ hơi lâu vào cuối tuần.",,,,,,2026-03-21,2026-03-21T03:06:56.151Z
ChdDSUhNMG9nS0VJQ0FnSUNoMGZyXzlRRRAB,ChIJ6XVg57IvdTERzGUbWVVPQe0,ChIJ6XVg57IvdTERzGUbWVVPQe0,Rua xe,,Lê Thuỳ,,5,,,,,,,2026-03-21,2026-03-21T03:06:56.151Z
ChdDSUhNMG9nS0VJQ0FnSURiXzhxejNRRRAB,ChIJeUtNRwAvdTEReYPFG0EmXTA,ChIJeUtNRwAvdTEReYPFG0EmXTA,Rửa xe oto xe máy SBS,,Johnny Nguyen,,5,"Came in for a wash. The guys did a great job. Quick in and out service and it only cost 35k.

It’s located right at a gas station so it’s convenient. They also do oil change as well.",,,,,,2026-03-21,2026-03-21T03:06:56.151Z
Ci9DQUlRQUNvZENodHljRjlvT20xaVJHaG9UV28wV0hoVlRWWmxRVTVGUkdWbVFXYxAB,ChIJeUtNRwAvdTEReYPFG0EmXTA,ChIJeUtNRwAvdTEReYPFG0EmXTA,Rửa xe oto xe máy SBS,,Lemay,,5,Great service. Honest staff,,,,,,2026-03-21,2026-03-21T03:06:56.151Z
ChZDSUhNMG9nS0VJQ0FnSUREaWNTT05nEAE,ChIJeUtNRwAvdTEReYPFG0EmXTA,ChIJeUtNRwAvdTEReYPFG0EmXTA,Rửa xe oto xe máy SBS,,Hoàng Kha Phạm,,5,"High quality service with good intentions
See you next time 😍",,,,,,2026-03-21,2026-03-21T03:06:56.151Z
ChdDSUhNMG9nS0VJQ0FnSUREOGFmajBnRRAB,ChIJeUtNRwAvdTEReYPFG0EmXTA,ChIJeUtNRwAvdTEReYPFG0EmXTA,Rửa xe oto xe máy SBS,,Gia Tuấn Lê Nguyễn,,5,Ok,,,,,,2026-03-21,2026-03-21T03:06:56.151Z
ChdDSUhNMG9nS0VJQ0FnTURvcEpLdGd3RRAB,ChIJeUtNRwAvdTEReYPFG0EmXTA,ChIJeUtNRwAvdTEReYPFG0EmXTA,Rửa xe oto xe máy SBS,,Toan Nguyễn,,4,#ERROR!,,,,,,2026-03-21,2026-03-21T03:06:56.151Z
ChdDSUhNMG9nS0VJQ0FnSUNfN2NXMTlBRRAB,ChIJeUtNRwAvdTEReYPFG0EmXTA,ChIJeUtNRwAvdTEReYPFG0EmXTA,Rửa xe oto xe máy SBS,,Huan Nguyen,,5,"Vị trí cạnh cây xăng rộng rãi dễ đậu xe.
Rửa xe ok.
Nhân viên thân thiện và nhiệt tình.
Giá cả hợp lý.",,,,,,2026-03-21,2026-03-21T03:06:56.151Z
Ci9DQUlRQUNvZENodHljRjlvT21wUFpVODRURGMxYVV4ME9YRnBlbmx2ZWs5ZlVuYxAB,ChIJeUtNRwAvdTEReYPFG0EmXTA,ChIJeUtNRwAvdTEReYPFG0EmXTA,Rửa xe oto xe máy SBS,,Nhân Hoàng,,5,Rửa xe sạch đến nỗi muốn liếm luôn,,,,,,2026-03-21,2026-03-21T03:06:56.151Z
Ci9DQUlRQUNvZENodHljRjlvT2pWMlUzWXRiVk5GT0hoSk1rcHJkWHBRVVVKbU5FRRAB,ChIJeUtNRwAvdTEReYPFG0EmXTA,ChIJeUtNRwAvdTEReYPFG0EmXTA,Rửa xe oto xe máy SBS,,hue huynh,,5,"Nhân viên lịch sự, rửa sạch và kĩ. Tiệm ở quận 3 mà giá còn rẻ hơn một số tiệm ở quận xa trung tâm. Sẽ quay lại!",,,,,,2026-03-21,2026-03-21T03:06:56.151Z
ChdDSUhNMG9nS0VJQ0FnSUN2My12dWtBRRAB,ChIJ37xIXCEvdTERBKA_XiotlJU,ChIJ37xIXCEvdTERBKA_XiotlJU,Rửa xe 103,,hang cam,,5,,,,,,,2026-03-21,2026-03-21T03:06:56.151Z
ChdDSUhNMG9nS0VJQ0FnSUMxdXM2d19BRRAB,ChIJ37xIXCEvdTERBKA_XiotlJU,ChIJ37xIXCEvdTERBKA_XiotlJU,Rửa xe 103,,vu nguyen,,5,,,,,,,2026-03-21,2026-03-21T03:06:56.151Z
ChdDSUhNMG9nS0VJQ0FnSUNCM2FLX3VRRRAB,ChIJub1J6swrdTERBt-sSk59uaY,ChIJub1J6swrdTERBt-sSk59uaY,Dịch Vụ Rửa Xe 3 Lộc,,Long Le,,5,Nhớ ủng hộ nhà con nha cô chú,,,,,,2026-03-21,2026-03-21T03:06:56.151Z
Ci9DQUlRQUNvZENodHljRjlvT2tsdFRFczNNMEZvTlZaa1MwVmxWRlp2TVc5dGJGRRAB,ChIJg3q4BHMpdTERTvfOjDMAfnw,ChIJg3q4BHMpdTERTvfOjDMAfnw,Trung tâm Chăm sóc xe chuyên nghiệp Minh Huy,,tran trieuhai,,5,good 🥰🥰,,,,,,2026-03-21,2026-03-21T03:06:56.151Z
Ci9DQUlRQUNvZENodHljRjlvT2tSbVowSTBYM0IwU0VVd0xVNVdOazVpV1dKRWJWRRAB,ChIJg3q4BHMpdTERTvfOjDMAfnw,ChIJg3q4BHMpdTERTvfOjDMAfnw,Trung tâm Chăm sóc xe chuyên nghiệp Minh Huy,,La Baoz,,5,Very good,,,,,,2026-03-21,2026-03-21T03:06:56.151Z
Ci9DQUlRQUNvZENodHljRjlvT2tNdGNIZFdaMDF3UkRkMVZVMUlhbXRoTkZKbGNWRRAB,ChIJg3q4BHMpdTERTvfOjDMAfnw,ChIJg3q4BHMpdTERTvfOjDMAfnw,Trung tâm Chăm sóc xe chuyên nghiệp Minh Huy,,Ngọc Hồng,,5,"Tư vấn bảo dưỡng nhiệt tình cụ thể từng hạn mục,giá cả cạnh trạnh,anh em làm cẩn thận tỉ mỉ,Rửa xe rất sạch.sẽ ghé ủng hộ lần bảo dưỡng tiếp theo.",,,,,,2026-03-21,2026-03-21T03:06:56.151Z
Ci9DQUlRQUNvZENodHljRjlvT2pJeVQybzNjVTB4ZVZwbmMyeHhNVVJ4VW01MlpXYxAB,ChIJg3q4BHMpdTERTvfOjDMAfnw,ChIJg3q4BHMpdTERTvfOjDMAfnw,Trung tâm Chăm sóc xe chuyên nghiệp Minh Huy,,Thúy Nguyễn,,5,Tư vấn nhiệt tình anh e bảo dưỡng kỹ xe.rửa xe sạch..nhiều ưu đãi sẽ ủng hộ,,,,,,2026-03-21,2026-03-21T03:06:56.151Z
Ci9DQUlRQUNvZENodHljRjlvT2pWSVYxWlZOemszTW1STVVWVk9VMnh3UWxkb2JtYxAB,ChIJg3q4BHMpdTERTvfOjDMAfnw,ChIJg3q4BHMpdTERTvfOjDMAfnw,Trung tâm Chăm sóc xe chuyên nghiệp Minh Huy,,Tân Trần,,5,"Anh em rửa xe sạch sẽ,bảo dưỡng kỹ càng gọn savhj.nhiệt tình hỗ trợ anh em tài xế công nghệ..sẽ ủng hộ lần tới.",,,,,,2026-03-21,2026-03-21T03:06:56.151Z
Ci9DQUlRQUNvZENodHljRjlvT2xGUWRWTm9TMlEzYWpoT09VTkJiMVZUV0VFemJrRRAB,ChIJg3q4BHMpdTERTvfOjDMAfnw,ChIJg3q4BHMpdTERTvfOjDMAfnw,Trung tâm Chăm sóc xe chuyên nghiệp Minh Huy,,Dũng Nguyễn Thanh,,5,Cố vấn nhiệt tình.Anh em bảo dưỡng kỹ.chuyên nghiệp.làm việc nhanh gọn lẹ..sẽ ghé ủng hộ lần bảo dưỡng tiếp theo.cố,,,,,,2026-03-21,2026-03-21T03:06:56.151Z
ChdDSUhNMG9nS0VQT1M2S0dwN0kzWl9RRRAB,ChIJg3q4BHMpdTERTvfOjDMAfnw,ChIJg3q4BHMpdTERTvfOjDMAfnw,Trung tâm Chăm sóc xe chuyên nghiệp Minh Huy,,Hieu Nguyen,,5,"Dịch vụ chăm sóc xe tại Minh Huy Auto Care (chung cư Khang Gia, Gò Vấp) rất chuyên nghiệp, nhân viên nhiệt tình, rửa xe sạch bóng, giá cả hợp lý. Sẽ quay lại thường xuyên!",,,,,,2026-03-21,2026-03-21T03:06:56.151Z
Ci9DQUlRQUNvZENodHljRjlvT25kaWMxSkllbEYwV0V4R1dqaE5hMk5MY2pKc1FtYxAB,ChIJg3q4BHMpdTERTvfOjDMAfnw,ChIJg3q4BHMpdTERTvfOjDMAfnw,Trung tâm Chăm sóc xe chuyên nghiệp Minh Huy,,Hoan Nguyen,,5,"Anh em rửa xe kỹ,bảo dưỡng chuyên nghiệp.cố vấn tư vấn nhiệt tình sẽ ủng hộ",,,,,,2026-03-21,2026-03-21T03:06:56.151Z
ChdDSUhNMG9nS0VJQ0FnSUNRcHF6X3d3RRAB,ChIJLY0S9hcvdTERlVMjCPf-yog,ChIJLY0S9hcvdTERlVMjCPf-yog,Rửa Xe Thanh Bình,,The MY World,,2,They don't move the writing on the mortorbike even I pointed out.,,,,,,2026-03-21,2026-03-21T03:06:56.151Z
ChdDSUhNMG9nS0VJQ0FnSURBX1pfcm9RRRAB,ChIJLY0S9hcvdTERlVMjCPf-yog,ChIJLY0S9hcvdTERlVMjCPf-yog,Rửa Xe Thanh Bình,,francis pham,,1,Rude owner and clueless staff. Had to personally instruct the mechanic on how to change the oil on my motorbike.,,,,,,2026-03-21,2026-03-21T03:06:56.151Z
ChdDSUhNMG9nS0VJQ0FnSUNOMGRIVTJ3RRAB,ChIJLY0S9hcvdTERlVMjCPf-yog,ChIJLY0S9hcvdTERlVMjCPf-yog,Rửa Xe Thanh Bình,,Quy Bao,,5,It was quick and very clean for less than $2 dollars,,,,,,2026-03-21,2026-03-21T03:06:56.151Z
ChdDSUhNMG9nS0VJQ0FnSUN3Z0oyejdBRRAB,ChIJLY0S9hcvdTERlVMjCPf-yog,ChIJLY0S9hcvdTERlVMjCPf-yog,Rửa Xe Thanh Bình,,Daniel van Daalen,,5,Very nice! They are even better then carwashes at home!,,,,,,2026-03-21,2026-03-21T03:06:56.151Z
ChdDSUhNMG9nS0VJQ0FnSUNTcjZmTjlnRRAB,ChIJLY0S9hcvdTERlVMjCPf-yog,ChIJLY0S9hcvdTERlVMjCPf-yog,Rửa Xe Thanh Bình,,Xuân Trường Đào,,5,Ok.,,,,,,2026-03-21,2026-03-21T03:06:56.151Z
ChZDSUhNMG9nS0VJQ0FnSURNbm9lQ053EAE,ChIJLY0S9hcvdTERlVMjCPf-yog,ChIJLY0S9hcvdTERlVMjCPf-yog,Rửa Xe Thanh Bình,,Khắc Tuệ Vũ,,5,Fast and full service,,,,,,2026-03-21,2026-03-21T03:06:56.151Z
ChdDSUhNMG9nS0VJQ0FnSURVLTVfSWhRRRAB,ChIJLY0S9hcvdTERlVMjCPf-yog,ChIJLY0S9hcvdTERlVMjCPf-yog,Rửa Xe Thanh Bình,,Tony Dr,,5,Good service,,,,,,2026-03-21,2026-03-21T03:06:56.151Z
ChZDSUhNMG9nS0VJQ0FnSURBc3RxbUhREAE,ChIJLY0S9hcvdTERlVMjCPf-yog,ChIJLY0S9hcvdTERlVMjCPf-yog,Rửa Xe Thanh Bình,,tin ho,,2,Not too good,,,,,,2026-03-21,2026-03-21T03:06:56.151Z
ChZDSUhNMG9nS0VJQ0FnSUNoZ0phcVVnEAE,ChIJpwpSMJ8pdTERB-V-jQTgYcM,ChIJpwpSMJ8pdTERB-V-jQTgYcM,Tiệm rửa xe bình dân,,Jackie Phạm Tường Huy,,4,"Fast service & supportive staff

Average clean quality, no lifting device for cleaning the downside of cars

Be careful with motorbikes running fast & careless from small street across this cars & motorbikes wash shop (!)",,,,,,2026-03-21,2026-03-21T03:06:56.151Z
ChdDSUhNMG9nS0VJQ0FnSUQteVlpZTR3RRAB,ChIJpwpSMJ8pdTERB-V-jQTgYcM,ChIJpwpSMJ8pdTERB-V-jQTgYcM,Tiệm rửa xe bình dân,,Nguyen Dang,,5,Very good service at reasonable price!,,,,,,2026-03-21,2026-03-21T03:06:56.151Z
ChdDSUhNMG9nS0VJQ0FnSUR4X3ZxRXZ3RRAB,ChIJpwpSMJ8pdTERB-V-jQTgYcM,ChIJpwpSMJ8pdTERB-V-jQTgYcM,Tiệm rửa xe bình dân,,Thuong_007 Vit Con,,1,"Rửa xe oto quá ẩu,khăn lau dưới lường xe cát ko rồi lau len dàn áo luon...con gi nước sơn cua xe nữa,để khăn duoi đất sịt qua 1 cai roi vắt lau nội thất xe....thua luon",,,,,,2026-03-21,2026-03-21T03:06:56.151Z
ChZDSUhNMG9nS0VJQ0FnTUNBaTlPbUpnEAE,ChIJpwpSMJ8pdTERB-V-jQTgYcM,ChIJpwpSMJ8pdTERB-V-jQTgYcM,Tiệm rửa xe bình dân,,Long Nguyễn,,1,"Nhà gần ra ủng hộ, cũng khuya nên chuẩn bị tinh thần giá cao xíu với là xe moto. Kêu rửa 100k(cao so với tiệm rửa bình thường), mình ok, xong lại bảo bánh sau dính nhớt nên phải rửa 150k, mình nói cứ rửa 100k đi vì đó là dưỡng sên văng thôi ko phải nhớt, chứ nhớt nào bắn ra tới bánh sau? Dùng 1 tí dung dịch là hết chứ sao lấy thêm 50k. Mấy ông rửa ko chịu kêu mình đi về luôn.  100k đã bằng giá rửa xe hơi ở quận trung tâm rồi, còn đè thêm, ko chịu thì đuổi luôn. Thật sự quá thất vọng. Mng rửa thì đi tiệm khác ngta dễ thương hơn.",,,,,,2026-03-21,2026-03-21T03:06:56.151Z
ChdDSUhNMG9nS0VJQ0FnTUNnd3VtZHlBRRAB,ChIJpwpSMJ8pdTERB-V-jQTgYcM,ChIJpwpSMJ8pdTERB-V-jQTgYcM,Tiệm rửa xe bình dân,,Minh Phuc Nguyen,,1,Rửa xe rất ẩu. 1*,,,,,,2026-03-21,2026-03-21T03:06:56.151Z
ChdDSUhNMG9nS0VJQ0FnSUMxa2JUYjZBRRAB,ChIJpwpSMJ8pdTERB-V-jQTgYcM,ChIJpwpSMJ8pdTERB-V-jQTgYcM,Tiệm rửa xe bình dân,,Minh Khánh,,1,"Ở vị trí đẹp nhưng làm ăn thì chán, xe rửa tạm chứ k sạch, giá 35k xuống 30k đi cho được việc.",,,,,,2026-03-21,2026-03-21T03:06:56.151Z
ChZDSUhNMG9nS0VJQ0FnSUNxNXZIZkxnEAE,ChIJpwpSMJ8pdTERB-V-jQTgYcM,ChIJpwpSMJ8pdTERB-V-jQTgYcM,Tiệm rửa xe bình dân,,Tung Luong Duc,,3,"Tiệm rửa xe bình dân so với mặt bằng giá khu Q1. Rửa nhanh, chất lượng vừa phải 6/10. Ưu điểm là nhanh và tiện.",,,,,,2026-03-21,2026-03-21T03:06:56.151Z
ChdDSUhNMG9nS0VJQ0FnSURWMm9tSjNRRRAB,ChIJpwpSMJ8pdTERB-V-jQTgYcM,ChIJpwpSMJ8pdTERB-V-jQTgYcM,Tiệm rửa xe bình dân,,Đình Văn Vlog,,4,Dịch vụ ok rửa ngoài 80k hút bụi 110k,,,,,,2026-03-21,2026-03-21T03:06:56.151Z
Ci9DQUlRQUNvZENodHljRjlvT2poMWFETkxRMFpuZFd4dVYwZHRlbGhoTm13NGJIYxAB,ChIJ9xOW4RErdTERn0I4o_CR9J0,ChIJ9xOW4RErdTERn0I4o_CR9J0,Tổng Kho Thiết Bị Rửa Xe Hồ Chí Minh - Miền Nam,,Hoc may Minh Chau,,5,Ok,,,,,,2026-03-21,2026-03-21T03:06:56.151Z
ChdDSUhNMG9nS0VJQ0FnSUMyNUs3TnB3RRAB,ChIJ9xOW4RErdTERn0I4o_CR9J0,ChIJ9xOW4RErdTERn0I4o_CR9J0,Tổng Kho Thiết Bị Rửa Xe Hồ Chí Minh - Miền Nam,,Huynh Lai,,5,"Ở đây có rất nhiều loại dung dịch rửa và chăm sóc xe, sản phẩm ở đây an toàn cho da tay, ngoài ta, loại dung dịch màu vàng kia sau rửa xe rất bóng sơn và sạch, công ty giao hàng nhanh, uy tín",,,,,,2026-03-21,2026-03-21T03:06:56.151Z
ChdDSUhNMG9nS0VJQ0FnSUMyNUw2WjZRRRAB,ChIJ9xOW4RErdTERn0I4o_CR9J0,ChIJ9xOW4RErdTERn0I4o_CR9J0,Tổng Kho Thiết Bị Rửa Xe Hồ Chí Minh - Miền Nam,,Nam Kha,,5,"Rất đẹp và chất lượng, cảm ơn công ty Tearu",,,,,,2026-03-21,2026-03-21T03:06:56.151Z
ChdDSUhNMG9nS0VJQ0FnSUMyNUk3bmlRRRAB,ChIJ9xOW4RErdTERn0I4o_CR9J0,ChIJ9xOW4RErdTERn0I4o_CR9J0,Tổng Kho Thiết Bị Rửa Xe Hồ Chí Minh - Miền Nam,,Lai Huynh,,5,"Dung dịch rửa xe tốt, giao hàng nhanh, dung dịch chăm sóc xe nhiều loại, nhân viên tư vấn nhiệt tình",,,,,,2026-03-21,2026-03-21T03:06:56.151Z
ChdDSUhNMG9nS0VJQ0FnSUMyNU1pVXh3RRAB,ChIJ9xOW4RErdTERn0I4o_CR9J0,ChIJ9xOW4RErdTERn0I4o_CR9J0,Tổng Kho Thiết Bị Rửa Xe Hồ Chí Minh - Miền Nam,,Đà Nẵng SONX,,5,Rất nhiệt tình và làm có tâm,,,,,,2026-03-21,2026-03-21T03:06:56.151Z
ChdDSUhNMG9nS0VJQ0FnTURBME8za3pnRRAB,ChIJ9xOW4RErdTERn0I4o_CR9J0,ChIJ9xOW4RErdTERn0I4o_CR9J0,Tổng Kho Thiết Bị Rửa Xe Hồ Chí Minh - Miền Nam,,Tinh Truong,,4,Đã chuyển qua địa điểm khác thì phải,,,,,,2026-03-21,2026-03-21T03:06:56.151Z
ChZDSUhNMG9nS0VJQ0FnSUMyNU9ETVl3EAE,ChIJ9xOW4RErdTERn0I4o_CR9J0,ChIJ9xOW4RErdTERn0I4o_CR9J0,Tổng Kho Thiết Bị Rửa Xe Hồ Chí Minh - Miền Nam,,Thiên Lý,,5,"Tốt, đội ngũ nhân viên nhiệt tình nhé!",,,,,,2026-03-21,2026-03-21T03:06:56.151Z
ChZDSUhNMG9nS0VJQ0FnSUMyNUtDZEpnEAE,ChIJ9xOW4RErdTERn0I4o_CR9J0,ChIJ9xOW4RErdTERn0I4o_CR9J0,Tổng Kho Thiết Bị Rửa Xe Hồ Chí Minh - Miền Nam,,Mai Thy Huỳnh Kim,,5,Dịch vụ tốt,,,,,,2026-03-21,2026-03-21T03:06:56.151Z
ChdDSUhNMG9nS0VJQ0FnSUNmNDhhdW9BRRAB,ChIJocSD1MAodTERy3XameV2IcM,ChIJocSD1MAodTERy3XameV2IcM,Rửa Xe Bi,,Thanh Nguyễn Quang,,5,Ok,,,,,,2026-03-21,2026-03-21T03:06:56.151Z
ChZDSUhNMG9nS0VJQ0FnSURDaWFfYU53EAE,ChIJocSD1MAodTERy3XameV2IcM,ChIJocSD1MAodTERy3XameV2IcM,Rửa Xe Bi,,Kittyxuanni Nguyen,,5,Good,,,,,,2026-03-21,2026-03-21T03:06:56.151Z
Ci9DQUlRQUNvZENodHljRjlvT21sZlkzWldaVFJ3Wm1remVEVndSR3htYlRGRFVWRRAB,ChIJocSD1MAodTERy3XameV2IcM,ChIJocSD1MAodTERy3XameV2IcM,Rửa Xe Bi,,Lý Văn Huy,,1,"Đã rửa xe ở đây 3-4 lần và lần này là trải nghiệm tệ nhất của mình. Nhân viên rửa xe đại đại cho xong rồi giao cho khách chứ không có một tí trách nhiệm nào. Giá 1 lần rửa là 40k nhưng đem lại toàn sự thất vọng, xe mới rửa xong giống như chưa rửa, rất nhiều vị trí còn rất bẩn. Mình sẽ không bao giờ quay lại đây để rửa xe nữa.",,,,,,2026-03-21,2026-03-21T03:06:56.151Z
Ci9DQUlRQUNvZENodHljRjlvT20xQ2F6TkdhemRHWkUxTVRIWTFTVjlMWTJ3MVNFRRAB,ChIJocSD1MAodTERy3XameV2IcM,ChIJocSD1MAodTERy3XameV2IcM,Rửa Xe Bi,,Lê Quang Kiệt,,4,"Vị trí thuận tiện, ngay ngã ba. Bên trong cũng vừa đủ, không quá rộng. Hôm mình đến thì buổi sáng, vắng khách nên cũng nhanh. Rửa xe thì mình thấy cũng khá sạch, kỹ, chắc cũng tùy người rửa. Xe số là 38k, còn xe ga là 40k.",,,,,,2026-03-21,2026-03-21T03:06:56.151Z
ChdDSUhNMG9nS0VJQ0FnSUMzdDZuZ3p3RRAB,ChIJocSD1MAodTERy3XameV2IcM,ChIJocSD1MAodTERy3XameV2IcM,Rửa Xe Bi,,Phạm Quốc Trung,,1,"Khó chiệu vô cùng .
Rửa xe dơ lắm mọi người ơi, Khi được mình kêu rữa lại giùm mình thì tỏ thái độ gay gắt cầm cây chỗi quẹt 1 phát xong xịt 1 phát xong.

Xe ướt men như đang đi mưa không thèm lau luôn. Giá thì mắc hơn chỗ khác mà rữa thì k sạch 37k .

Nên đào tạo lại cách làm việc của nhân viên chứ như thế này mất hết khách á .",,,,,,2026-03-21,2026-03-21T03:06:56.151Z
Ci9DQUlRQUNvZENodHljRjlvT2psckxWRjFOalJUWjFoNU9WQkVkblJMVkVVNWRWRRAB,ChIJocSD1MAodTERy3XameV2IcM,ChIJocSD1MAodTERy3XameV2IcM,Rửa Xe Bi,,Kiệt Hoàng,,1,"Tiệm mấy thg l lừa đảo, rửa xe xong chuyển tiền nói chưa nhận, đòi check tài khoản gọi người thân qua giải quyết thì mới kêu nhận r, THUA TỤI MÀY",,,,,,2026-03-21,2026-03-21T03:06:56.151Z
Ci9DQUlRQUNvZENodHljRjlvT2w5VldGaEpObVpYVDI5NmRGTm5VV1owYmtaM1VsRRAB,ChIJocSD1MAodTERy3XameV2IcM,ChIJocSD1MAodTERy3XameV2IcM,Rửa Xe Bi,,Thao Huyen,,1,Rửa xe từ 2019 đến nay. Số năm tăng bao nhiêu mà chất lượng thì giảm bấy nhiêu. THÀNH QUẢ SAU RỬA.,,,,,,2026-03-21,2026-03-21T03:06:56.151Z
Ci9DQUlRQUNvZENodHljRjlvT2tSSk9GQmtkMnAzVERGUlVEaEliRlYzTTFoaWVWRRAB,ChIJocSD1MAodTERy3XameV2IcM,ChIJocSD1MAodTERy3XameV2IcM,Rửa Xe Bi,,tu daovan,,1,"Nhân viên mất dậy mình mang xe đi   thuê chúng nó rửa mà cứ kêu xe mình bẩn
Xong kêu mình có thay nhớt không mình nói không thì chúng nó càu nhàu rửa xe như không rửa",,,,,,2026-03-21,2026-03-21T03:06:56.151Z
ChZDSUhNMG9nS0VJQ0FnSUQ3amN2OEF3EAE,ChIJx7Jetc4udTERaURpkyVmgdg,ChIJx7Jetc4udTERaURpkyVmgdg,Tiệm Rửa Xe Dân Trí,,Bao Nguyen,,5,"Rửa xe ở tiệm chú từ lúc còn là con trai thẳng tới giờ 2 đời chồng 2 đứa con rồi vẫn còn rửa.
Rửa xe tại gia nha mọi, nhà chú có sân vườn rộng, ngồi chờ rửa mà chú mở nhạc Lê Hiếu, Lân Nhã, Tuấn Ngọc rồi nghe tiếng chim hót chill và phê lắm mọi người ạ.
Chú mặc đồ phong cách workwear giống mấy cha bên Mỹ làm trong garage cũng chất lắm nha thiếu mỗi tí mực lên người là ra đúng chất liền.
Nói chung là recommend mọi người ai gần khu Đất Thánh thì có thể ghé rửa xe thay nhớt tiệm chú nha.
* Nhược điểm: Do là rửa xe tại gia chỉ có mình chú làm nên phải đợi lâu. Mọi ng nên đến buổi sáng sớm thì tốt hơn.",,,,,,2026-03-21,2026-03-21T03:06:56.151Z
ChdDSUhNMG9nS0VJQ0FnTURnMDczaWxRRRAB,ChIJx7Jetc4udTERaURpkyVmgdg,ChIJx7Jetc4udTERaURpkyVmgdg,Tiệm Rửa Xe Dân Trí,,Ngọc Kiều Trinh Nguyễn,,5,"Quá tuyệt!!! Rất sạch, sạch từng ngóc ngách luôn ạ. 10 đỉm không có nhưnggg♥️♥️♥️♥️ Bác quá là kĩ, tâm huyết luôn",,,,,,2026-03-21,2026-03-21T03:06:56.151Z
ChZDSUhNMG9nS0VJQ0FnTUR3ci1iOWJREAE,ChIJx7Jetc4udTERaURpkyVmgdg,ChIJx7Jetc4udTERaURpkyVmgdg,Tiệm Rửa Xe Dân Trí,,Quốc Thịnh Trương,,5,Chú rửa xe rất kỹ ai yêu xe mới hiểu được giá trị. Hơn hẳng những chỗ rửa khác.,,,,,,2026-03-21,2026-03-21T03:06:56.151Z
Ci9DQUlRQUNvZENodHljRjlvT20xZlJtMUNkMDFhYURoMFdUYzJNV2xxV25aTFJsRRAB,ChIJx7Jetc4udTERaURpkyVmgdg,ChIJx7Jetc4udTERaURpkyVmgdg,Tiệm Rửa Xe Dân Trí,,Angel McCowan,,4,Rất ưng cách nhân viên hỗ trợ khách. Quán mang lại cảm giác ấm cúng và sang trọng.,,,,,,2026-03-21,2026-03-21T03:06:56.151Z
ChdDSUhNMG9nS0VJQ0FnSUN6b2ZidDRnRRAB,ChIJx7Jetc4udTERaURpkyVmgdg,ChIJx7Jetc4udTERaURpkyVmgdg,Tiệm Rửa Xe Dân Trí,,Anh Dũng Hoàng,,5,"Mình thấy mọi người đánh giá kiểu ng làm kinh doanh tư nên cũng qua thử. Thấy chú rửa xe ok, kĩ càng sạch sẽ. Có cái là, sau xe cháu có con thú gắn ở biển, chú rửa làm rớt chỗ nào không biết 😅 Giá 45k nha mọi người.",,,,,,2026-03-21,2026-03-21T03:06:56.151Z
Ci9DQUlRQUNvZENodHljRjlvT21zNVh5MWZhVjh4U1cxVlN6WTFlV1JqY0hwYU9XYxAB,ChIJx7Jetc4udTERaURpkyVmgdg,ChIJx7Jetc4udTERaURpkyVmgdg,Tiệm Rửa Xe Dân Trí,,Trường Thanh,,5,Rửa xe sạch kỹ rất cẩn thận ạ. Không gian chờ mát mẻ.,,,,,,2026-03-21,2026-03-21T03:06:56.151Z
ChdDSUhNMG9nS0VJQ0FnSUNCcDdqNGlBRRAB,ChIJx7Jetc4udTERaURpkyVmgdg,ChIJx7Jetc4udTERaURpkyVmgdg,Tiệm Rửa Xe Dân Trí,,Việt Khoa Nguyễn,,5,"rửa xe, thay nhớt đầu đủ. Chú làm rất kĩ và sạch sẽ. Giá cả rất phải chăng. Tiệm chú trồng nhiều cây, nuôi cá nên cảm giác rất mát mẻ, yên bình. Chú chủ tiệm rất dễ thương nữa",,,,,,2026-03-21,2026-03-21T03:06:56.151Z
ChdDSUhNMG9nS0VJQ0FnSUNHaE9ueHlnRRAB,ChIJx7Jetc4udTERaURpkyVmgdg,ChIJx7Jetc4udTERaURpkyVmgdg,Tiệm Rửa Xe Dân Trí,,Hùynh Tuấn Kiệt,,4,"Bác rửa xe cũng có tuổi nên cọ rữa cũng kĩ càng, sạch sẽ. Nhưng giá khá cao nhé mọi người. 35k 1 xe số (xe mình Future)",,,,,,2026-03-21,2026-03-21T03:06:56.151Z
Ci9DQUlRQUNvZENodHljRjlvT2s0d1EweFhaRU56TTI5a1JIWlZYemRLZVRGVk5sRRAB,ChIJEfV43q4vdTERoRbWxB-ctVM,ChIJEfV43q4vdTERoRbWxB-ctVM,Rửa xe ô tô tự động JetX,,Thông,,4,"150k/ tháng quá rẻ, nhưng lối thoát sau khi rửa xong cua quá gắt cho các dòng xe có chiều dài.",,,,,,2026-03-21,2026-03-21T03:06:56.151Z
Ci9DQUlRQUNvZENodHljRjlvT2poaldHVTRWMGxFZERFM2RGUk1PRW96Y21kak1VRRAB,ChIJEfV43q4vdTERoRbWxB-ctVM,ChIJEfV43q4vdTERoRbWxB-ctVM,Rửa xe ô tô tự động JetX,,Thuan Vo,,2,"Rửa tạm sạch nhưng không đúng quy trình, dễ gây xước dăm, hỏng lớp sơn, lớp ceramic, hỏng ppf. Không có prep wash, không phun xà phòng phủ, nước bắn rất ít và nhẹ, chủ yếu cái xoay xoay nó cà vào sơn.

Thổi nước không sạch phải tự lau lại bằng khăn, ví dụ gương hậu, 4 cánh cửa, dù xe mình có ceramic nước trôi khá dễ.

Tuy nhiên giá 150k/tháng/ 1 vị trí thấy rất rẻ. Những lúc gấp muốn rửa nhanh không chờ quá lâu hoặc gần tết ko ai mở cửa có thể vào đây. Rất ủng hộ mô hình này. Nhưng chắc mình về tự rửa như thường lệ.",,,,,,2026-03-21,2026-03-21T03:06:56.151Z
Ci9DQUlRQUNvZENodHljRjlvT25sNlEzSklVbUpETTI5WE5XcE9kV3RVWnpSeU1XYxAB,ChIJEfV43q4vdTERoRbWxB-ctVM,ChIJEfV43q4vdTERoRbWxB-ctVM,Rửa xe ô tô tự động JetX,,Tiffany Thuy,,5,Free lần đầu nha. Ko đc như manual nhưng mà 39K quá hợp lý. Nhanh gọn dzui dze,,,,,,2026-03-21,2026-03-21T03:06:56.151Z
Ci9DQUlRQUNvZENodHljRjlvT21kV1ZIWlFYMjVSTlc0MVNIYzRkbU4wY25SR1UzYxAB,ChIJEfV43q4vdTERoRbWxB-ctVM,ChIJEfV43q4vdTERoRbWxB-ctVM,Rửa xe ô tô tự động JetX,,Thien Tran,,1,"Lừa đảo

Sáng nay 20/1/26, tôi ghé rửa xe ở JetX Trần Cao Vân. Đợi từ 8:05 đến 8:40, máy rửa xe hư mất kết nối. Tôi và các xe khác xếp hàng dài chờ nhưng không rửa được, nhân viên xử lý cực chậm, không có giải pháp backup, rất mất thời gian và chi phí (nổ máy 35p chờ tới lượt nhưng không rửa được), tôi phải qua chỗ khác rửa xe.

Sau đó 10:20 tôi gọi lại tổng đài hỏi cách khắc phục đền bù và giải quyết, bạn Đào Đức Sơn khẳng định chỉ mời KH quay lại rửa sau, không giải quyết đền bù hoặc có giải pháp gì bù đắp khác cho KH.

Tại sao tổ chức 1 chuỗi rửa xe cho đk gói tháng, nhưng lúc nào xe cũng đông mà ko mở rộng, vận hành chậm, khi sắp xếp tg ngồi chờ rửa thì lỗi lại không xử lý? Lừa đảo à?",,,,,,2026-03-21,2026-03-21T03:06:56.151Z
Ci9DQUlRQUNvZENodHljRjlvT21KblpVTTFhV3g1ZFVwcWNHSXRVM0JvVkRKM04zYxAB,ChIJEfV43q4vdTERoRbWxB-ctVM,ChIJEfV43q4vdTERoRbWxB-ctVM,Rửa xe ô tô tự động JetX,,Sơn Đào Đức,,5,"39k rửa 1 chiếc ô tô thì quá hợp lý, lại còn ngay cây xăng, rửa xong đổ xăng đi luôn nên rất tiện.",,,,,,2026-03-21,2026-03-21T03:06:56.151Z
Ci9DQUlRQUNvZENodHljRjlvT2pKaVZYVTFVV0ZGWVZrMVJEbHNablZZTm5ZeFdYYxAB,ChIJEfV43q4vdTERoRbWxB-ctVM,ChIJEfV43q4vdTERoRbWxB-ctVM,Rửa xe ô tô tự động JetX,,Y M,,1,"Tôi đã thử để các bạn khỏi thử.
Xe đang rửa thì báo lỗi, đã thử 2 lần vẫn lỗi, tiền thì app yêu cầu nạp trước.",,,,,,2026-03-21,2026-03-21T03:06:56.151Z
Ci9DQUlRQUNvZENodHljRjlvT2w5VFZuQmpiamw1WlVGb1NYWkRXRWxZTVVzNVVYYxAB,ChIJEfV43q4vdTERoRbWxB-ctVM,ChIJEfV43q4vdTERoRbWxB-ctVM,Rửa xe ô tô tự động JetX,,Luna Sushi,,5,"Rửa xe ok , trải nghiệm tốt , hiện tại không phải chờ .",,,,,,2026-03-21,2026-03-21T03:06:56.151Z
Ci9DQUlRQUNvZENodHljRjlvT2tSbFFXdFdUVmN6V0VSdGJYRkZTMEpOWlVGU05tYxAB,ChIJEfV43q4vdTERoRbWxB-ctVM,ChIJEfV43q4vdTERoRbWxB-ctVM,Rửa xe ô tô tự động JetX,,Nguyen Triet,,1,"Trạm dõm, chất lượng quá tệ. Thường xuyên bị lỗi. Tài khoản thì không cho đổi sdt đăng ký. Gọi hotline không hỗ trợ. Chất lượng dịch vụ tệ",,,,,,2026-03-21,2026-03-21T03:06:56.151Z
ChdDSUhNMG9nS0VJQ0FnSUN4MXFUbmdBRRAB,ChIJuc2eU-8rdTERRAGZtIvziVo,ChIJuc2eU-8rdTERRAGZtIvziVo,Cầu Nâng 1 Trụ Rửa Xe Ô Tô TAGORE,,Nhan Ngoc,,5,"Làm có tâm, giá tốt sản phẩm chất lượng",,,,,,2026-03-21,2026-03-21T03:06:56.151Z
Ci9DQUlRQUNvZENodHljRjlvT2xKRVoxTTRjMmhCV0RGd2EyVnZlVTVqU25oRk1rRRAB,ChIJuc2eU-8rdTERRAGZtIvziVo,ChIJuc2eU-8rdTERRAGZtIvziVo,Cầu Nâng 1 Trụ Rửa Xe Ô Tô TAGORE,,Tuat Tran,,1,Tệ lắm .,,,,,,2026-03-21,2026-03-21T03:06:56.151Z
ChdDSUhNMG9nS0VJQ0FnSUN4MXM3X2l3RRAB,ChIJuc2eU-8rdTERRAGZtIvziVo,ChIJuc2eU-8rdTERRAGZtIvziVo,Cầu Nâng 1 Trụ Rửa Xe Ô Tô TAGORE,,HUYÊN MỸ,,5,"Mấy bạn Nhân viên hỗ trợ quá nhiệt tình, dễ thương…",,,,,,2026-03-21,2026-03-21T03:06:56.151Z
ChdDSUhNMG9nS0VJQ0FnSUN4OEtpbXhnRRAB,ChIJuc2eU-8rdTERRAGZtIvziVo,ChIJuc2eU-8rdTERRAGZtIvziVo,Cầu Nâng 1 Trụ Rửa Xe Ô Tô TAGORE,,Phuc Huynh,,5,"Lắp đặt nhanh, xài tốt",,,,,,2026-03-21,2026-03-21T03:06:56.151Z
ChZDSUhNMG9nS0VJQ0FnSUMydHF5ZU9BEAE,ChIJuc2eU-8rdTERRAGZtIvziVo,ChIJuc2eU-8rdTERRAGZtIvziVo,Cầu Nâng 1 Trụ Rửa Xe Ô Tô TAGORE,,Đà Nẵng SONX,,5,Làm có tâm,,,,,,2026-03-21,2026-03-21T03:06:56.151Z
ChdDSUhNMG9nS0VJQ0FnSUN4ejdqbm9BRRAB,ChIJuc2eU-8rdTERRAGZtIvziVo,ChIJuc2eU-8rdTERRAGZtIvziVo,Cầu Nâng 1 Trụ Rửa Xe Ô Tô TAGORE,,minhchau5 Nhathuoc,,1,lừa đảo,,,,,,2026-03-21,2026-03-21T03:06:56.151Z
ChdDSUhNMG9nS0VJQ0FnSUNoMWZ5cTFRRRAB,ChIJuc2eU-8rdTERRAGZtIvziVo,ChIJuc2eU-8rdTERRAGZtIvziVo,Cầu Nâng 1 Trụ Rửa Xe Ô Tô TAGORE,,Minh Mai,,1,Tồi,,,,,,2026-03-21,2026-03-21T03:06:56.151Z
ChdDSUhNMG9nS0VJQ0FnSUN4MXN5RzlnRRAB,ChIJuc2eU-8rdTERRAGZtIvziVo,ChIJuc2eU-8rdTERRAGZtIvziVo,Cầu Nâng 1 Trụ Rửa Xe Ô Tô TAGORE,,Bình Trần,,5,,,,,,,2026-03-21,2026-03-21T03:06:56.151Z
ChdDSUhNMG9nS0VJQ0FnSURkLXZfNzVBRRAB,ChIJ4TQNDSgndTERorwB5PIlsgg,ChIJ4TQNDSgndTERorwB5PIlsgg,VinaWash quận 9,,Andy Jonas Adventure,,1,"""Great Service. Reasonable price. (30k for motorbike). This is a good spot to wash bigger vehicles as well. The place is really spaceaus and have a customer waiting room with AC. Brilliant.""_____

5mins after I left...:
As you can see above...I really wanted to give 5⭐ for this place (and I did). But soon after I noticed that the bike remained really dirty at some areas. Old mud particles remained on the surface. After this, I can not recommend unfortunately 😔",,,,,,2026-03-21,2026-03-21T03:06:56.151Z
Ci9DQUlRQUNvZENodHljRjlvT2twcFRHeHRTRUk0VUdsSVltZE5PVXd0ZDNOR2JWRRAB,ChIJ4TQNDSgndTERorwB5PIlsgg,ChIJ4TQNDSgndTERorwB5PIlsgg,VinaWash quận 9,,phong võ,,5,Good 👍👍👍,,,,,,2026-03-21,2026-03-21T03:06:56.151Z
Ci9DQUlRQUNvZENodHljRjlvT21SWGFtcGZkRGhrUldadVdWQXRXa0pXTURBdFVHYxAB,ChIJ4TQNDSgndTERorwB5PIlsgg,ChIJ4TQNDSgndTERorwB5PIlsgg,VinaWash quận 9,,Minh Nhật,,5,Ok ok ok,,,,,,2026-03-21,2026-03-21T03:06:56.151Z
ChZDSUhNMG9nS0VJQ0FnSUNtODUyYVRBEAE,ChIJ4TQNDSgndTERorwB5PIlsgg,ChIJ4TQNDSgndTERorwB5PIlsgg,VinaWash quận 9,,Phuc Thao Nguyen,,3,It's good enough for washing services.,,,,,,2026-03-21,2026-03-21T03:06:56.151Z
Ci9DQUlRQUNvZENodHljRjlvT2xSaE5VZE1MVEZ6WlVSUmVXNUdaVjlxVm1sUGFtYxAB,ChIJ4TQNDSgndTERorwB5PIlsgg,ChIJ4TQNDSgndTERorwB5PIlsgg,VinaWash quận 9,,Quốc Bảo Nguyễn,,5,Good,,,,,,2026-03-21,2026-03-21T03:06:56.151Z
Ci9DQUlRQUNvZENodHljRjlvT2xWa2NHWndZMWRwUldneGRqbEhXR001UlY5WE1HYxAB,ChIJ4TQNDSgndTERorwB5PIlsgg,ChIJ4TQNDSgndTERorwB5PIlsgg,VinaWash quận 9,,Dương Tiến Đạt,,5,Ok,,,,,,2026-03-21,2026-03-21T03:06:56.151Z
ChdDSUhNMG9nS0VOS2Zncnlac3FTZDlRRRAB,ChIJ4TQNDSgndTERorwB5PIlsgg,ChIJ4TQNDSgndTERorwB5PIlsgg,VinaWash quận 9,,Tùng Lê,,5,Good good,,,,,,2026-03-21,2026-03-21T03:06:56.151Z
Ci9DQUlRQUNvZENodHljRjlvT210elgyaFFkSEJLYVZsRU1YQk9VbEZUV0ZVMk5WRRAB,ChIJ4TQNDSgndTERorwB5PIlsgg,ChIJ4TQNDSgndTERorwB5PIlsgg,VinaWash quận 9,,Binh Nguyen,,5,Xe rửa sạch sẽ nhiều dịch vụ nay có kết hợp thêm bảo trì bảo dưỡng xe cho tất cấc dòng xe để mình ko phải đi tìm kiếm nơi sửa khác,,,,,,2026-03-21,2026-03-21T03:06:56.151Z
Ci9DQUlRQUNvZENodHljRjlvT2s5SlpuVndkVmRDYWxGQlJIQk9ORk55VjNwMGQxRRAB,ChIJB5zBwLcpdTERT-kp8vHnews,ChIJB5zBwLcpdTERT-kp8vHnews,"Rửa xe - vá vỏ , Chăm sóc xe , Đồ chơi xe oto - QUANG SƠN AUTO",,Tín Phát Auto - Độ Xe Chuyên Nghiệp,,5,Uy tín a chủ dễ thương lần sau ủng hộ tiếp,,,,,,2026-03-21,2026-03-21T03:06:56.151Z
ChdDSUhNMG9nS0VJQ0FnSUN4MThpcDlRRRAB,ChIJB5zBwLcpdTERT-kp8vHnews,ChIJB5zBwLcpdTERT-kp8vHnews,"Rửa xe - vá vỏ , Chăm sóc xe , Đồ chơi xe oto - QUANG SƠN AUTO",,Lam Quoc Tien,,5,"Chỗ đậu rộng rãi, nhiều dịch vụ, từ làm màn hình đến độ đèn các kiểu, luôn cả rửa xe. Dịch vụ tốt, tư vấn nhiệt tình. Có cả máy pha cà phê cho anh em chờ làm xe luôn nhé.",,,,,,2026-03-21,2026-03-21T03:06:56.151Z
ChZDSUhNMG9nS0VJQ0FnSURscDYycGZnEAE,ChIJB5zBwLcpdTERT-kp8vHnews,ChIJB5zBwLcpdTERT-kp8vHnews,"Rửa xe - vá vỏ , Chăm sóc xe , Đồ chơi xe oto - QUANG SƠN AUTO",,Thịnh PháT BMB,,5,"Rữa xe quá kỹ . .
Làm xe mà chờ sốt ruột luôn á trời .
Kỹ sạch thơm 10đ
Giá quá rẽ",,,,,,2026-03-21,2026-03-21T03:06:56.151Z
ChdDSUhNMG9nS0VJQ0FnSUMzOHREQjFBRRAB,ChIJB5zBwLcpdTERT-kp8vHnews,ChIJB5zBwLcpdTERT-kp8vHnews,"Rửa xe - vá vỏ , Chăm sóc xe , Đồ chơi xe oto - QUANG SƠN AUTO",,Toàn Trần,,5,"Cửa hàng rộng rãi, dịch vụ tốt. Nhân viên kỉ thuật chuyên nghiệp",,,,,,2026-03-21,2026-03-21T03:06:56.151Z
Ci9DQUlRQUNvZENodHljRjlvT25waVMyUmhWa3BtWTNCMmQyZG1ZM05xZURGMmJrRRAB,ChIJB5zBwLcpdTERT-kp8vHnews,ChIJB5zBwLcpdTERT-kp8vHnews,"Rửa xe - vá vỏ , Chăm sóc xe , Đồ chơi xe oto - QUANG SƠN AUTO",,vo hai,,5,"cửa hàng quá uy tín, nhiệt tình chăm sóc nâng niu xe của khách hàng như xe nhà, 10 điểm ko có nhưng.",,,,,,2026-03-21,2026-03-21T03:06:56.151Z
ChZDSUhNMG9nS0VJQ0FnSUNKc3FTbVRnEAE,ChIJB5zBwLcpdTERT-kp8vHnews,ChIJB5zBwLcpdTERT-kp8vHnews,"Rửa xe - vá vỏ , Chăm sóc xe , Đồ chơi xe oto - QUANG SƠN AUTO",,cường đỗ,,5,Rửa xe phục vụ rất tốt và chu đáo,,,,,,2026-03-21,2026-03-21T03:06:56.151Z
ChZDSUhNMG9nS0VJQ0FnSUQxNk1HemVnEAE,ChIJB5zBwLcpdTERT-kp8vHnews,ChIJB5zBwLcpdTERT-kp8vHnews,"Rửa xe - vá vỏ , Chăm sóc xe , Đồ chơi xe oto - QUANG SƠN AUTO",,Tiến Phạm,,5,"Chỗ đậu rộng rãi, nhiều dịch vụ, từ làm màn hình đến độ đèn các kiểu, luôn cả rửa xe. Dịch vụ tốt, tư vấn nhiệt tình.",,,,,,2026-03-21,2026-03-21T03:06:56.151Z
ChZDSUhNMG9nS0VJQ0FnSUMzc3VpbFFBEAE,ChIJB5zBwLcpdTERT-kp8vHnews,ChIJB5zBwLcpdTERT-kp8vHnews,"Rửa xe - vá vỏ , Chăm sóc xe , Đồ chơi xe oto - QUANG SƠN AUTO",,Đức Nguyễn,,5,"Dịch vụ chăm sóc khách hàng tuyệt vời, tiệm có nhiều dịch vụ nâng cấp đèn, màn hình mẫu mã đa dạng.",,,,,,2026-03-21,2026-03-21T03:06:56.151Z
Ci9DQUlRQUNvZENodHljRjlvT21reVlYY3pNblJTTlZnMlIxVjZWMjgxTlU0dFMwRRAB,ChIJk40j8kIudTERxtnQif0wKqg,ChIJk40j8kIudTERxtnQif0wKqg,Dịch Vụ Rửa Xe 16,,Tâm Anh,,4,"Mình ấn tượng nhất với thái độ tận tâm và sự quan tâm của nhân viên. Rất thích không gian xanh, thoáng mát và thoải mái tại đây. Điểm cộng lớn là bãi đậu xe rộng rãi, sắp xếp gọn gàng. Thức uống tươi mát, pha chế vừa miệng, chất lượng tốt. Mình rất thích vì quán luôn được dọn dẹp gọn gàng. Mình chắc chắn sẽ quay lại và giới thiệu cho bạn bè.",,,,,,2026-03-21,2026-03-21T03:06:56.151Z
ChZDSUhNMG9nS0VJQ0FnSUNIbTZ2R0JREAE,ChIJk40j8kIudTERxtnQif0wKqg,ChIJk40j8kIudTERxtnQif0wKqg,Dịch Vụ Rửa Xe 16,,Tuấn Thái,,5,Nhân viên nhiệt tình,,,,,,2026-03-21,2026-03-21T03:06:56.151Z
ChZDSUhNMG9nS0VJQ0FnSURlbnJDdkJnEAE,ChIJxa8x3tEodTERlTMK1pUYjO4,ChIJxa8x3tEodTERlTMK1pUYjO4,Rửa Xe 192 - Phú Nhuận,,wally love,,5,"First time and the experience was good. There's a waiting area from where you can see your bike being washed, and I could see they take their time to wash areas like the wheels and rims. The price is reasonable too.",,,,,,2026-03-21,2026-03-21T03:06:56.151Z
ChdDSUhNMG9nS0VPTExnX2ZiNHBUV3dBRRAB,ChIJxa8x3tEodTERlTMK1pUYjO4,ChIJxa8x3tEodTERlTMK1pUYjO4,Rửa Xe 192 - Phú Nhuận,,Nghia Dang,,5,ok,,,,,,2026-03-21,2026-03-21T03:06:56.151Z
ChdDSUhNMG9nS0VJQ0FnSURXc0tMTWhBRRAB,ChIJxa8x3tEodTERlTMK1pUYjO4,ChIJxa8x3tEodTERlTMK1pUYjO4,Rửa Xe 192 - Phú Nhuận,,Hong Thai Vo,,4,Good service. Reasonable price.,,,,,,2026-03-21,2026-03-21T03:06:56.151Z
ChZDSUhNMG9nS0VJQ0FnSUR4d05PNVZnEAE,ChIJxa8x3tEodTERlTMK1pUYjO4,ChIJxa8x3tEodTERlTMK1pUYjO4,Rửa Xe 192 - Phú Nhuận,,Hung Lan Chi An,,5,Good Car wash,,,,,,2026-03-21,2026-03-21T03:06:56.151Z
Ci9DQUlRQUNvZENodHljRjlvT2xaNVF6RktTREp1YVVKaFdYcHhNbTlHY0RkSFoyYxAB,ChIJxa8x3tEodTERlTMK1pUYjO4,ChIJxa8x3tEodTERlTMK1pUYjO4,Rửa Xe 192 - Phú Nhuận,,Vuong Khang Motor,,2,"Rửa xe ở đây gần đc 5 năm

Trước rất hiếu khách và sạch sẻ (lúc còn tiệm đối diện cạnh tranh) nay rửa rất hời hợt, không sạch và không hề nhiệt tình.

Giá có thể nói là đắt, nhưng đối với tôi thì đồng tiền phải đi đôi với chất lượng.
Có lần tôi rửa một xe bán tải gầm cao, rõ ràng là ko rửa gầm nhưng vẫn tính tiền. Đến hôm nay quay lại ủng hộ tiếp thì thái độ phục vụ làm tôi cực kỳ thất vọng
Hy vọng chủ doanh nghiệp đọc đc và thay đổi. Vì không những tôi, công ty tôi mà bạn bè tôi từng giới thiệu qua đây xử dụng dịch vụ cũng rất nhiều",,,,,,2026-03-21,2026-03-21T03:06:56.151Z
Ci9DQUlRQUNvZENodHljRjlvT21OeVp6SjVaRzAxV0RZM2EzaGphakpXWTBkSmFrRRAB,ChIJxa8x3tEodTERlTMK1pUYjO4,ChIJxa8x3tEodTERlTMK1pUYjO4,Rửa Xe 192 - Phú Nhuận,,Quang Vu Le Nguyen,,1,"Né nó ra mọi người!!! Làm ăn ma mãnh, mất dạy!!!! Tôi vào rửa full, báo giá 210.000 đồng, tôi đồng ý, giao xe và sang quán cafe bên cạnh chờ. Khoảng 30p sau quay lại thấy xe đã được mang ra ngoài đậu sẳn. Chủ báo đã xong. Hơi ngạc nhiên vì quá nhanh đã xong nhưng do đường hẹp, lúc đó nhiều xe nên tôi vội trả nhanh tiền và không quên gửi thêm 40.000 lì xì (tổng cộng 250.000). Về đến nhà mới xem lại trong nội thất xe thì rất ngạc nhiên vì họ vệ sinh nội thất hay đến nỗi nón, áo khoác, đặc biệt là khúc bánh mì, vỏ kẹo rơi vãi trên sàn xe, ghế xe vẫn còn nguyên vị trí. Hú hồn bò xuống xem gầm xe thì đất vườn nhà vẫn kín gầm, leo lên xem nóc xe thì vẫn còn phân chim lỗ chỗ. Nói chung cái thứ sạch nhất là cái nắp ca-pô. Theo như tôi có thể tưởng tượng ra là họ chỉ xịt nước, lau sạch cái capo rồi giao lại cho tôi. Tôi thắc mắc là cái tiệm rửa to đùng, cũng khá đông khách sao lại có kiểu làm ăn lương lẹo vậy? Được hơn bao nhiêu tiền đâu mà mang tiếng làm ăn mất dạy. Haizzz!!! Hôm nào các bác thử gửi rửa xong, không ngồi canh thử xem có bị giống tôi không hay tôi trúng số… à không, tới số!!! Tức sáng giờ mới đăng lên cho đỡ ấm ức!!! Google ko có âm sao chứ có tui cho -10 sao rồi!!!",,,,,,2026-03-21,2026-03-21T03:06:56.151Z
Ci9DQUlRQUNvZENodHljRjlvT2psMlpHdFdUVXRpYWtkdVZFRnNaR0Y0VTFsbE9IYxAB,ChIJxa8x3tEodTERlTMK1pUYjO4,ChIJxa8x3tEodTERlTMK1pUYjO4,Rửa Xe 192 - Phú Nhuận,,Lê Thanh Nghĩa,,1,"Hôm nay tôi đến rửa xe oto và rất bức xúc với thái độ của nhân viên rửa xe, ko hiểu sao chủ lại thuê nhưng người làm dịch vụ (thợ rửa xe) mà thái độ rất xem thường khách hàng. Trong khi đó tôi rửa xe tôi trả tiền chứ ko phải rửa miễn phí.
Tôi thấy có 1 e trai rửa xe, thái độ ko tôn trọng khách hàng, rửa ko có trách nhiệm.
Nói chung vị trí rửa xe thì ok.
Nhưng về nhân viên thì quá tệ",,,,,,2026-03-21,2026-03-21T03:06:56.151Z
Ci9DQUlRQUNvZENodHljRjlvT2t0bWQwMHpSMmhhUWxKM1QwRXpZa2hPVm1kcWRtYxAB,ChIJxa8x3tEodTERlTMK1pUYjO4,ChIJxa8x3tEodTERlTMK1pUYjO4,Rửa Xe 192 - Phú Nhuận,,Quan Do,,1,"Rửa xe sơ sài, còn y nguyên bụi bẩn, nói chung rất ối",,,,,,2026-03-21,2026-03-21T03:06:56.151Z
Ci9DQUlRQUNvZENodHljRjlvT21ZeFlUUXRhM1pMWVMxNFYwVkxiMGx3VEV4NVZFRRAB,ChIJpxll1HMvdTERs9PaZvJhiSQ,ChIJpxll1HMvdTERs9PaZvJhiSQ,Tiệm Rửa Xe T & T,,Viên Chính,,5,"Nhân viên nhanh nhẹn, lịch sự và vui vẻ. Quán mang lại cảm giác ấm cúng và sang trọng.",,,,,,2026-03-21,2026-03-21T03:06:56.151Z
ChdDSUhNMG9nS0VJQ0FnSURVdzk2RTRBRRAB,ChIJpxll1HMvdTERs9PaZvJhiSQ,ChIJpxll1HMvdTERs9PaZvJhiSQ,Tiệm Rửa Xe T & T,,Long Trần,,2,,,,,,,2026-03-21,2026-03-21T03:06:56.151Z
ChZDSUhNMG9nS0VJQ0FnSUNKcWI2X0ZREAE,ChIJCTQOeB0vdTERFoN_cRNv9QA,ChIJCTQOeB0vdTERFoN_cRNv9QA,Rửa Xe Huy Hoàng,,Cong Ngo,,5,"Good service, nice staff",,,,,,2026-03-21,2026-03-21T03:06:56.151Z
Ci9DQUlRQUNvZENodHljRjlvT2sxRVgzbGtOV3BMZWxSeWJWUm9TR3RRUzJwNFVGRRAB,ChIJCTQOeB0vdTERFoN_cRNv9QA,ChIJCTQOeB0vdTERFoN_cRNv9QA,Rửa Xe Huy Hoàng,,Kim Thanh Trần,,5,Tiêm rưa xe này lai keu a hoàng rua xe rat là kỷ nhiet tình vui vẻ ok,,,,,,2026-03-21,2026-03-21T03:06:56.151Z
ChdDSUhNMG9nS0VJQ0FnSUNmenBtb3d3RRAB,ChIJCTQOeB0vdTERFoN_cRNv9QA,ChIJCTQOeB0vdTERFoN_cRNv9QA,Rửa Xe Huy Hoàng,,Tony Tran,,5,"Rửa xe 45
Thay nhớt máy 170
Thay nhớt số 50
Nước mát 30
Tổng 295",,,,,,2026-03-21,2026-03-21T03:06:56.151Z
ChZDSUhNMG9nS0VJQ0FnTURJdnRMOVlBEAE,ChIJCTQOeB0vdTERFoN_cRNv9QA,ChIJCTQOeB0vdTERFoN_cRNv9QA,Rửa Xe Huy Hoàng,,Chal Ha,,1,"Chú rữa xe ẩu quá k sạch , dạ con nhiên chú
Ổng nói 40k cho xong ông còn xin tiền cafe thêm
Má lại chú luôn,chú muốn ăn gì mai mốt con ghé cúng 🙏🙏🙏",,,,,,2026-03-21,2026-03-21T03:06:56.151Z
Ci9DQUlRQUNvZENodHljRjlvT25nemNGaHVNSGhRVnpKNmJYUXhhR2RuYjJGUldGRRAB,ChIJCTQOeB0vdTERFoN_cRNv9QA,ChIJCTQOeB0vdTERFoN_cRNv9QA,Rửa Xe Huy Hoàng,,Thanh Trần Kim,,5,"Rửa xe sạch, nhanh gọn lẹ, giá 40k 1 chiếc, có nhớt shell cao cấp",,,,,,2026-03-21,2026-03-21T03:06:56.151Z
ChdDSUhNMG9nS0VJQ0FnSURIZzRhc3lnRRAB,ChIJCTQOeB0vdTERFoN_cRNv9QA,ChIJCTQOeB0vdTERFoN_cRNv9QA,Rửa Xe Huy Hoàng,,Nam Nguyễn,,1,Rửa xe vừa lâu vừa dơ. Vừa mắc nữa. Xe vision mà 45k. Mình đưa 50k còn k thèm thối tiền lại. Mọi người né nhé,,,,,,2026-03-21,2026-03-21T03:06:56.151Z
ChZDSUhNMG9nS0VJQ0FnSUQtdDQyM1d3EAE,ChIJCTQOeB0vdTERFoN_cRNv9QA,ChIJCTQOeB0vdTERFoN_cRNv9QA,Rửa Xe Huy Hoàng,,Như Hoàng,,1,"Rửa xe nhớp nháp, xong không lau xịt cho khô, khi được mình yêu cầu thì xịt qua loa; mở nắp phần thiết bị chế thêm nước làm mát đóng không kĩ, rửa xong chạy về nhà mình mở cốp thấy nắp thiết bị bị rớt ra luôn….
Không bao giờ quay lại.",,,,,,2026-03-21,2026-03-21T03:06:56.151Z
ChdDSUhNMG9nS0VJQ0FnSURnaVlqWGlBRRAB,ChIJCTQOeB0vdTERFoN_cRNv9QA,ChIJCTQOeB0vdTERFoN_cRNv9QA,Rửa Xe Huy Hoàng,,Nam Hai Tran,,3,"Tiệm rửa xe ngay góc ngã tư Lê Hồng Phong giao với Trần Phú. Tiệm rửa xe kỹ, có dụng cụ dựng đứng xe lên để rửa bên dưới xe. Ngoài ra tiệm còn có dịch vụ rửa lốc máy bên trong bằng cách tháo rời lớp nhựa bọc ngoài. Điểm trừ là khu vực khách ngồi phía trong tiệm không được sạch sẽ, khá nhớp nháp.",,,,,,2026-03-21,2026-03-21T03:06:56.151Z
ChdDSUhNMG9nS0VJQ0FnSUR5bjZ1NHFBRRAB,ChIJp3zNbKItdTERosSqSZP7VAU,ChIJp3zNbKItdTERosSqSZP7VAU,"Bãi Rửa Xe Máy, Xe Ô Tô Hoàng Vũ",,Wilson Li,,5,"I don't know about others, but I had an excellent service in this place.  They pay attentions to detail and really did a good job.  The drinks they are selling are not bad as well!!! Could actually relax a bit while I wait for my car.",,,,,,2026-03-21,2026-03-21T03:06:56.151Z
ChZDSUhNMG9nS0VJQ0FnSURTbFliUUd3EAE,ChIJp3zNbKItdTERosSqSZP7VAU,ChIJp3zNbKItdTERosSqSZP7VAU,"Bãi Rửa Xe Máy, Xe Ô Tô Hoàng Vũ",,Cô MAI,,5,G ood,,,,,,2026-03-21,2026-03-21T03:06:56.151Z
ChdDSUhNMG9nS0VJQ0FnSUMxOHJMZHJBRRAB,ChIJp3zNbKItdTERosSqSZP7VAU,ChIJp3zNbKItdTERosSqSZP7VAU,"Bãi Rửa Xe Máy, Xe Ô Tô Hoàng Vũ",,Duc Huynh Cong,,5,Good,,,,,,2026-03-21,2026-03-21T03:06:56.151Z
ChZDSUhNMG9nS0VJQ0FnSUNtNl9QaURnEAE,ChIJp3zNbKItdTERosSqSZP7VAU,ChIJp3zNbKItdTERosSqSZP7VAU,"Bãi Rửa Xe Máy, Xe Ô Tô Hoàng Vũ",,Minh Dũng Trần,,5,Ok,,,,,,2026-03-21,2026-03-21T03:06:56.151Z
ChZDSUhNMG9nS0VJQ0FnSUN5eXJtcElREAE,ChIJp3zNbKItdTERosSqSZP7VAU,ChIJp3zNbKItdTERosSqSZP7VAU,"Bãi Rửa Xe Máy, Xe Ô Tô Hoàng Vũ",,Phuoc Hoang,,5,Good service,,,,,,2026-03-21,2026-03-21T03:06:56.151Z
ChdDSUhNMG9nS0VJQ0FnSUNDc0lYMTdRRRAB,ChIJp3zNbKItdTERosSqSZP7VAU,ChIJp3zNbKItdTERosSqSZP7VAU,"Bãi Rửa Xe Máy, Xe Ô Tô Hoàng Vũ",,Long Le,,5,Ok,,,,,,2026-03-21,2026-03-21T03:06:56.151Z
Ci9DQUlRQUNvZENodHljRjlvT2taWVMwOHlSWEZ4VGxSbWFXOUNUVVp2YTFrMVRuYxAB,ChIJp3zNbKItdTERosSqSZP7VAU,ChIJp3zNbKItdTERosSqSZP7VAU,"Bãi Rửa Xe Máy, Xe Ô Tô Hoàng Vũ",,le hieu07,,1,150k rửa không có tâm bên trong bên ngoài và kính còn bẩn. Chán thiệt chứ,,,,,,2026-03-21,2026-03-21T03:06:56.151Z
Ci9DQUlRQUNvZENodHljRjlvT25WdlVrVkZOMU13VmxNMFFXOURXbVJNVTJOMGQwRRAB,ChIJp3zNbKItdTERosSqSZP7VAU,ChIJp3zNbKItdTERosSqSZP7VAU,"Bãi Rửa Xe Máy, Xe Ô Tô Hoàng Vũ",,Hùng Đặng,,3,"Rửa xe không chạm nhưng khá lười. Xe mình nhỏ mà rửa 120k lấy có miếng lót ra chùi sơ chứ không sạch. Giá cả cũng không phải rẻ, xe đang vắng mà thiếu tâm một chút.
Được cái quán cafe kế bên wifi mạnh giá rẻ mà tài xế ngồi nhiều hút thuốc khắp nơi.",,,,,,2026-03-21,2026-03-21T03:06:56.151Z
Ci9DQUlRQUNvZENodHljRjlvT21oUGRWaFhSVFV6UlZnMmIyWkhNbWR2TUY4dE1sRRAB,ChIJswjn2JsndTERMXGhwEbTuXc,ChIJswjn2JsndTERMXGhwEbTuXc,Dịch Vụ Rửa Xe AP,,Quynh ND,,5,Mình có xem qua review và thấy 1 sao! Thì có hỏi anh chủ thì ảnh nói là bị phá. Ok! Review chân chính thì phải công nhận là ảnh và đội ngũ rất chuyên … rửa xe rất sạch nha! Ở đây có giặt ghế nỉ  mà hầu như khu vực này không có! Không gian sạch sẽ … toiet thơm tho nha!,,,,,,2026-03-21,2026-03-21T03:06:56.151Z
Ci9DQUlRQUNvZENodHljRjlvT2xCc2NFcGxMVVJWYlVKSVVsWkhNRWgwTW5aRE5FRRAB,ChIJswjn2JsndTERMXGhwEbTuXc,ChIJswjn2JsndTERMXGhwEbTuXc,Dịch Vụ Rửa Xe AP,,Quang Phạm,,1,"Nhân viên rửa xe khá thân thiện, riêng anh chú quản lý có cách giao tiếp khách hàng thiếu chuyên nghiệp & thiếu thiện cảm.

Khách vào rửa xe trong thời gian chờ rửa xe bạn mình tới rước đi cf sát bên, vừa đi ra ông chú kêu mình lại hỏi em đi đâu vậy?

Mình khá bất ngờ vì là khách hàng mà bị hỏi kiểu vậy, mình nói đi uống cf chút! Sao vậy anh?
Ảnh kêu em đi cf chút thôi nhé tầm 1 tiếng quay lại lấy xe! Mình ok không ngờ ổng đế thêm 1 câu: “qua 1 tiếng em không lấy anh phụ thu em thêm đó!”

Tôi khá ngạc nhiên trước thái độ & cách nói chuyện của anh. Tôi đến rửa xe chứ đâu có nhu cầu gửi xe. Anh làm cho khách có cảm giác rửa xe để gửi ké xe trong khi đó trong tiệm anh có đúng 1 xe tôi đang rửa, trên taplo xe tôi có bảng số điện thoại cần anh gọi tôi về lấy xe chứ ở đâu cái kiểu nói thẳng mặt khách k lấy xe trong 1h là bắt phụ thu?!

Tôi rửa nhiều tiệm khắp sg này cũng không có tiệm nào có kiểu ràng phụ thu khách & nói chuyện với khách như thế?!

Xin chấp tay chào thân ái & quyết thắng không bao giờ quay lại 🙏",,,,,,2026-03-21,2026-03-21T03:06:56.151Z
ChZDSUhNMG9nS0VJQ0FnTUNJd0xLR0d3EAE,ChIJswjn2JsndTERMXGhwEbTuXc,ChIJswjn2JsndTERMXGhwEbTuXc,Dịch Vụ Rửa Xe AP,,Anh Tân Lê,,5,"Nhanh, sạch sẽ, giá hợp lý 👍
Các bạn nhân viên chuyên nghiệp.
Full combo xịt gầm, rửa ngoài, hút bụi xe 7 chỗ của mình chỉ 160k",,,,,,2026-03-21,2026-03-21T03:06:56.151Z
Ci9DQUlRQUNvZENodHljRjlvT21SamRtRlRjbnB4ZEc5aExYWmtTa3hEUVc0d1pXYxAB,ChIJswjn2JsndTERMXGhwEbTuXc,ChIJswjn2JsndTERMXGhwEbTuXc,Dịch Vụ Rửa Xe AP,,4398_ Nguyễn tấn định,,5,"Mình ấn tượng nhất là làm rất kỹ, không qua loa. Nhân viên tư vấn rõ ràng, làm đúng những gì đã nói. Giao xe đúng hẹn, giá cả hợp lý.",,,,,,2026-03-21,2026-03-21T03:06:56.151Z
ChZDSUhNMG9nS0VJQ0FnTUN3dGFPTlNBEAE,ChIJswjn2JsndTERMXGhwEbTuXc,ChIJswjn2JsndTERMXGhwEbTuXc,Dịch Vụ Rửa Xe AP,,Tran Dinh,,1,Rửa ngoài + rửa gầm. Ko biết rửa kiểu gì mà 4 hốc bánh còn y nguyên thậm chí ko xịt đến. Gầm thì vẫn đất cát ko,,,,,,2026-03-21,2026-03-21T03:06:56.151Z
ChZDSUhNMG9nS0VJQ0FnSUN0OVBURVF3EAE,ChIJswjn2JsndTERMXGhwEbTuXc,ChIJswjn2JsndTERMXGhwEbTuXc,Dịch Vụ Rửa Xe AP,,Phu Giau Bui,,5,"Tiệm rửa xe yêu thích của mình. Cách nhà khá xa nhưng luôn chạy ra đây rửa xe. Rửa xe siêu sạch, nhân viên tận tậm dễ thương.",,,,,,2026-03-21,2026-03-21T03:06:56.151Z
ChZDSUhNMG9nS0VJQ0FnSUNsX2FQd0V3EAE,ChIJswjn2JsndTERMXGhwEbTuXc,ChIJswjn2JsndTERMXGhwEbTuXc,Dịch Vụ Rửa Xe AP,,Thắng Dương Đức,,5,"Tiệm rửa xe rộng rãi, đầy đủ trang thiết bị, có bàn nâng xịt rửa gầm.
Nhân viên nhiệt tình, lễ phép.
Rửa xe sạch sẽ, ok. Điểm đến tin cậy.",,,,,,2026-03-21,2026-03-21T03:06:56.151Z
Ci9DQUlRQUNvZENodHljRjlvT2pSaWN6TjFSbmt5VG1seFF6bG1kMlZsVTJKUFdYYxAB,ChIJswjn2JsndTERMXGhwEbTuXc,ChIJswjn2JsndTERMXGhwEbTuXc,Dịch Vụ Rửa Xe AP,,Văn tiền Trần,,5,"Ông Quang Phạm ơi.Tôi là khách hàng rửa ở đây hơn hai năm nay,1 tháng tôi rửa ở đây khoảng 10 lần và họ rửa rất là sạch.NV và anh quản lý rất dễ thương,tôi thấy bài đánh giá của anh,tôi có ghé hỏi,họ nói là anh một năm anh rửa chỉ 1 đến 2 lần.khi anh đến rửa anh bỏ đi mà không nói họ tiếng nào,Anh QUANG PHẠM ơi ở đây có nhiều lúc xe rửa rất đông,nhưng có nhiều khách bỏ xe rửa rồi đi làm việc khác mà không hề nói hoặc để lại SĐT GÌ cả,rồi những xe khác vô rửa không có chỗ họ bỏ đi,người ta thuê mặt bằng và trả lương NV chi phí rất nhiều,và phải bỏ công sức mồ hôi để kiếm đồng tiền trang trãi cuộc sống,mình phải thương và thông cảm họ nha anh QUANG PHẠM.tôi cũng là khách hàng thường xuyên nên tôi hiểu họ hơn anh,họ nói vậy chứ chưa bao giờ phụ thu khách khi xe để lại quá lâu.anh coi lại anh nha anh QUANG PHẠM,coi chừng anh đẻ con ra mà không có lỗ đích đó,loại người như anh trong tù có đầy.",,,,,,2026-03-21,2026-03-21T03:06:56.151Z
Ci9DQUlRQUNvZENodHljRjlvT25GaVFXbERWM3BmVGpCQ09WQmllREpzTVZCaGFXYxAB,ChIJE_yWQ6MudTERPyxFeTTaMm0,ChIJE_yWQ6MudTERPyxFeTTaMm0,Rửa xe Hiệp Toàn,,cửa sắt Nhiên Như,,3,Ok,,,,,,2026-03-21,2026-03-21T03:06:56.151Z
ChdDSUhNMG9nS0VJQ0FnSUNYM2N1ajVBRRAB,ChIJE_yWQ6MudTERPyxFeTTaMm0,ChIJE_yWQ6MudTERPyxFeTTaMm0,Rửa xe Hiệp Toàn,,Quốc toản Pham,,5,Ok,,,,,,2026-03-21,2026-03-21T03:06:56.151Z
Ci9DQUlRQUNvZENodHljRjlvT2tSVk1rZzVTemszY1V4YVlWUlBhRmROVlRObWNYYxAB,ChIJE_yWQ6MudTERPyxFeTTaMm0,ChIJE_yWQ6MudTERPyxFeTTaMm0,Rửa xe Hiệp Toàn,,Minh Vũ Duy,,5,Rửa sạch giá bình dân cho AE dịch vụ khung giàn rộng có chỗ cho A E nghỉ ngơi,,,,,,2026-03-21,2026-03-21T03:06:56.151Z
ChZDSUhNMG9nS0VJQ0FnSUN6cVpxVUdBEAE,ChIJE_yWQ6MudTERPyxFeTTaMm0,ChIJE_yWQ6MudTERPyxFeTTaMm0,Rửa xe Hiệp Toàn,,Kiet Michelin,,5,"Rửa xe Hiệp Toàn ( Chi Nhánh 2 )
Tiệm rửa xe bọt tuyết , rửa ô tô và xe máy.
Rạch xe sạch sẽ có xịt dầu, rửa kỹ và nhiệt tình.
Có các dịch vụ đi kèm như: gửi xe qua đêm cho ô tô, rửa xe thay nhớt, thay lốp, bình ăc quy.
Có bán cà phê pha máy ngon, nước ngọt các loại.
Chỗ ngồi chờ mát mẻ sạch sẽ.
Anh chị chủ vui vẻ , nhiệt tình, nhân viên thân thiện.",,,,,,2026-03-21,2026-03-21T03:06:56.151Z
ChdDSUhNMG9nS0VJQ0FnSUNzMGVTYjJRRRAB,ChIJE_yWQ6MudTERPyxFeTTaMm0,ChIJE_yWQ6MudTERPyxFeTTaMm0,Rửa xe Hiệp Toàn,,Alex Dương,,4,"Rửa khá sạch sẽ , nhưng không có xịch gầm , nhân viên khá dễ thương , giá 50k cho xe 4 chỗ , taxi và grab thì 40k .",,,,,,2026-03-21,2026-03-21T03:06:56.151Z
Ci9DQUlRQUNvZENodHljRjlvT21VNWRXNWhlVmhMVWsxNlFtOXpWVGRPY0hsUWVtYxAB,ChIJE_yWQ6MudTERPyxFeTTaMm0,ChIJE_yWQ6MudTERPyxFeTTaMm0,Rửa xe Hiệp Toàn,,Hiếu Nguyễn,,5,Rửa xe quá ok nhiệt tình rẽ bình dân ae nên ủng hộ nhé,,,,,,2026-03-21,2026-03-21T03:06:56.151Z
ChZDSUhNMG9nS0VJQ0FnSUM5aktMOWNBEAE,ChIJE_yWQ6MudTERPyxFeTTaMm0,ChIJE_yWQ6MudTERPyxFeTTaMm0,Rửa xe Hiệp Toàn,,Hieu NT,,5,"Rữa xe kỹ lưỡng, chuyên nghiệp,cà phê ngon , giá hợp lý! 5 sao+",,,,,,2026-03-21,2026-03-21T03:06:56.151Z
ChZDSUhNMG9nS0VJQ0FnSUNPdWUtaGVnEAE,ChIJE_yWQ6MudTERPyxFeTTaMm0,ChIJE_yWQ6MudTERPyxFeTTaMm0,Rửa xe Hiệp Toàn,,Văn Toại Bế,,5,Rửa rất kĩ. Nên sẽ đợi lâu. Giá cả hợp lý. Ở đây rất đông nhất là chiều tan làm về.,,,,,,2026-03-21,2026-03-21T03:06:56.151Z
ChdDSUhNMG9nS0VOdTcxZFhTM29YNC1BRRAB,ChIJqYwHGqApdTERH3CTi762jjk,ChIJqYwHGqApdTERH3CTi762jjk,Bãi Rửa Xe Và Gửi Xe Ô Tô Bờm Parking&Care,,Cong tuan anh Lê,,5,Ok.🆗,,,,,,2026-03-21,2026-03-21T03:06:56.151Z
ChZDSUhNMG9nS0VJQ0FnSURaem9pZ1R3EAE,ChIJqYwHGqApdTERH3CTi762jjk,ChIJqYwHGqApdTERH3CTi762jjk,Bãi Rửa Xe Và Gửi Xe Ô Tô Bờm Parking&Care,,Trường Văn,,5,Ok,,,,,,2026-03-21,2026-03-21T03:06:56.151Z
ChZDSUhNMG9nS0VJQ0FnSUMtcU0yc0tREAE,ChIJqYwHGqApdTERH3CTi762jjk,ChIJqYwHGqApdTERH3CTi762jjk,Bãi Rửa Xe Và Gửi Xe Ô Tô Bờm Parking&Care,,Video Bigo,,5,Good,,,,,,2026-03-21,2026-03-21T03:06:56.151Z
Ci9DQUlRQUNvZENodHljRjlvT2s1a1dGSnpVRGt5ZVRZelp6WklkWFIzZFVack4zYxAB,ChIJqYwHGqApdTERH3CTi762jjk,ChIJqYwHGqApdTERH3CTi762jjk,Bãi Rửa Xe Và Gửi Xe Ô Tô Bờm Parking&Care,,Ninh Trần Văn,,5,"Dịch vụ tốt, nhanh chóng, rửa xe sạch",,,,,,2026-03-21,2026-03-21T03:06:56.151Z
ChdDSUhNMG9nS0VJQ0FnTURvMjkzb21RRRAB,ChIJqYwHGqApdTERH3CTi762jjk,ChIJqYwHGqApdTERH3CTi762jjk,Bãi Rửa Xe Và Gửi Xe Ô Tô Bờm Parking&Care,,Nhi Mai,,2,"Bữa rửa xe mình cực nhanh xịt sơ sơ  và ẩu bên trong hút sơ sơ mặt ca lăng trước còn bám thuốc rửa, dính bụi chưa sạch sau khi rửa nói thì giả lơ, không bao giờ ghé lần sau , ngày càng đi xuống",,,,,,2026-03-21,2026-03-21T03:06:56.151Z
ChdDSUhNMG9nS0VJQ0FnSUNCM2JuV2dBRRAB,ChIJqYwHGqApdTERH3CTi762jjk,ChIJqYwHGqApdTERH3CTi762jjk,Bãi Rửa Xe Và Gửi Xe Ô Tô Bờm Parking&Care,,Lê Nguyễn Cường Phú,,5,"Thuê xe bên Bờm Parking Care còn được rửa xe máy miễn phí, uống cafe đượ giảm giá nữa, nhân viên và anh chủ hỗ trợ nhiệt tình, dịch vụ rất tốt ạ.",,,,,,2026-03-21,2026-03-21T03:06:56.151Z
ChZDSUhNMG9nS0VJQ0FnSUR4ZzhhY0lREAE,ChIJqYwHGqApdTERH3CTi762jjk,ChIJqYwHGqApdTERH3CTi762jjk,Bãi Rửa Xe Và Gửi Xe Ô Tô Bờm Parking&Care,,Hue Nguyen,,5,"Nhà mình thường xuyên ghé rửa xe tại đây,
Giá cả tương đối hợp lý , rửa cũng rất ưng ý
Nếu rửa bên ngoài cả gầm + hút bụi giá 100k
Còn rửa với hút bụi ko rửa gầm thì 80k",,,,,,2026-03-21,2026-03-21T03:06:56.151Z
ChZDSUhNMG9nS0VKaXpxZUtLOHY2MVd3EAE,ChIJqYwHGqApdTERH3CTi762jjk,ChIJqYwHGqApdTERH3CTi762jjk,Bãi Rửa Xe Và Gửi Xe Ô Tô Bờm Parking&Care,,2232_Nguyễn Thế Duy,,5,"Rữa xe sạch dịch vụ rất tốt, giá cả hợp lý, nhân viên vui vẻ nhiệt tình",,,,,,2026-03-21,2026-03-21T03:06:56.151Z
ChZDSUhNMG9nS0VJQ0FnSUNZX012NllBEAE,ChIJO8ghhXgudTER-_-GpmlNkdQ,ChIJO8ghhXgudTER-_-GpmlNkdQ,Dịch Vụ Rửa Xe Thanh Sơn,,Vu Bui Anh,,4,Good service,,,,,,2026-03-21,2026-03-21T03:06:56.151Z
Ci9DQUlRQUNvZENodHljRjlvT2pGeFluSjBhMVF3TW5Oc05tTmhWVkpSZUZJdFgyYxAB,ChIJO8ghhXgudTER-_-GpmlNkdQ,ChIJO8ghhXgudTER-_-GpmlNkdQ,Dịch Vụ Rửa Xe Thanh Sơn,,Phương Duy Đặng,,2,"Rửa xe ko kỹ, các vết bám bề mặt còn nguyên, hút bụi nội thất thì chỗ tay vịn bên trong các hốc ly nước còn dơ lắm. Nói chung lau chùi sơ sài!",,,,,,2026-03-21,2026-03-21T03:06:56.151Z
Ci9DQUlRQUNvZENodHljRjlvT21OSk1qbG1WR2hDY2pSU1RHcFNZak5UUVdsNFMwRRAB,ChIJO8ghhXgudTER-_-GpmlNkdQ,ChIJO8ghhXgudTER-_-GpmlNkdQ,Dịch Vụ Rửa Xe Thanh Sơn,,Lynh Sunshine (LSG),,1,"Vòi rửa xe làm xước xe rất nhiều, lùi xe vào thì đụng vào đầu xe của tôi, chủ quán và nhân viên thiếu chuyên nghiệp.",,,,,,2026-03-21,2026-03-21T03:06:56.151Z
Ci9DQUlRQUNvZENodHljRjlvT25SSVJXb3RSV2xCZW5wM1NFc3pUVXN3WTFKR04wRRAB,ChIJO8ghhXgudTER-_-GpmlNkdQ,ChIJO8ghhXgudTER-_-GpmlNkdQ,Dịch Vụ Rửa Xe Thanh Sơn,,Lê Hoàng Trần,,1,"Quá tệ hại. Nhân viên chạy xe ko thương tiếc, rửa xe vòi xịt thốn cả xe, hư đồ điện nếu xịt gầm.",,,,,,2026-03-21,2026-03-21T03:06:56.151Z
ChZDSUhNMG9nS0VJQ0FnSUR1bnFIellREAE,ChIJO8ghhXgudTER-_-GpmlNkdQ,ChIJO8ghhXgudTER-_-GpmlNkdQ,Dịch Vụ Rửa Xe Thanh Sơn,,Hoàng Nguyễn,,2,"Rửa xe ẩu, còn dơ. Hút bụi cho có, không đặt thảm đúng vụ trí. Không hút bụi thảm, ko tuổi bụi thảm hoặc xịt rửa. Giá cao 120 cho dịch vụ rửa, hút bụi và xịt gầm",,,,,,2026-03-21,2026-03-21T03:06:56.151Z
Ci9DQUlRQUNvZENodHljRjlvT2xGU2JFNXlRVXROZGxGaWVVNHhlSHBhYWtkNmJFRRAB,ChIJO8ghhXgudTER-_-GpmlNkdQ,ChIJO8ghhXgudTER-_-GpmlNkdQ,Dịch Vụ Rửa Xe Thanh Sơn,,Quang Ngô,,1,"Rửa xe quá dơ, cẩu thả.",,,,,,2026-03-21,2026-03-21T03:06:56.151Z
ChZDSUhNMG9nS0VJQ0FnSUN2MGYzZU1nEAE,ChIJO8ghhXgudTER-_-GpmlNkdQ,ChIJO8ghhXgudTER-_-GpmlNkdQ,Dịch Vụ Rửa Xe Thanh Sơn,,Duc Doan,,1,"Thật sự rửa chiếc xe đúng dơ, đã rửa 2l rồi, lần 2 còn tệ thảm hại.mấy chú ẩu hết phần thiên hạ",,,,,,2026-03-21,2026-03-21T03:06:56.151Z
ChdDSUhNMG9nS0VJQ0FnSUN3MU1DcTJRRRAB,ChIJO8ghhXgudTER-_-GpmlNkdQ,ChIJO8ghhXgudTER-_-GpmlNkdQ,Dịch Vụ Rửa Xe Thanh Sơn,,Phuong Pham,,5,Giá đẹp cho một cuộc tình 65k rửa và hút. Giảm còn 55k cho Uber và Grab,,,,,,2026-03-21,2026-03-21T03:06:56.151Z
Ci9DQUlRQUNvZENodHljRjlvT2xjMmRsSTFkRVZ6YkdWbk5XZzFhbm8wZUdsZmJtYxAB,ChIJwTqf3HsvdTERZpjC1f9bJqc,ChIJwTqf3HsvdTERZpjC1f9bJqc,Bãi giữ xe ô tô,,Khuong Nguyen,,5,Good service with reasonable price.,,,,,,2026-03-21,2026-03-21T03:06:56.151Z
ChZDSUhNMG9nS0VJQ0FnTUNneEpfRVJREAE,ChIJwTqf3HsvdTERZpjC1f9bJqc,ChIJwTqf3HsvdTERZpjC1f9bJqc,Bãi giữ xe ô tô,,Linh Duy,,5,"Bãi xe rộng rãi, lượt trong ngày của oto sáng - tối 50k. Qua đêm 100k. Thấy có giữ xe máy. Nhân viên cũng dễ thương. Ở quận 1 như vậy mình thấy cũng ổn hơn gửi hầm Nowzone hoặc Nikko rồi.",,,,,,2026-03-21,2026-03-21T03:06:56.151Z
Ci9DQUlRQUNvZENodHljRjlvT2xsMWIxcHlZV1oyYjBjd2REUm1XV295WlRsamFWRRAB,ChIJwTqf3HsvdTERZpjC1f9bJqc,ChIJwTqf3HsvdTERZpjC1f9bJqc,Bãi giữ xe ô tô,,Đăng Khoa Lê Nguyễn,,1,"Mới vô đi ra chưa được 30p lấy 50k, bảng giá niêm yết thì ghi 35k 2 giờ đầu, hỏi thì nói xe ra vô là 50k, cả ngày 100k, ko tính giờ, vậy treo bảng giá niêm yết làm gì",,,,,,2026-03-21,2026-03-21T03:06:56.151Z
Ci9DQUlRQUNvZENodHljRjlvT21oWWVVNUtkVEF5WlVWaE4wRlRUR2RtUlhrNWRHYxAB,ChIJwTqf3HsvdTERZpjC1f9bJqc,ChIJwTqf3HsvdTERZpjC1f9bJqc,Bãi giữ xe ô tô,,Tầm nhìn Công nghệ,,1,"Giá cắt cổ. Gửi xe từ 8h sáng đến 15h lấy 100k, trong khi để ngoài trời không có mái che, nền thì vũng nước. Không có bảng giá niêm yết, nhân viên tự thu.",,,,,,2026-03-21,2026-03-21T03:06:56.151Z
Ci9DQUlRQUNvZENodHljRjlvT20wMFZWRllVRk5QYlhacmRFOXpielpOU2pneGFWRRAB,ChIJwTqf3HsvdTERZpjC1f9bJqc,ChIJwTqf3HsvdTERZpjC1f9bJqc,Bãi giữ xe ô tô,,Vân Thanh,,4,Bãi xe ôtô có mái che... có bảo vệ trông coi... giá cả hợp lý.,,,,,,2026-03-21,2026-03-21T03:06:56.151Z
ChZDSUhNMG9nS0VJQ0FnSURKeGRmaFhREAE,ChIJwTqf3HsvdTERZpjC1f9bJqc,ChIJwTqf3HsvdTERZpjC1f9bJqc,Bãi giữ xe ô tô,,Tuyet Thanh,,2,"Vãi cả não….rửa xe mà xịt nước cho có rồi đưa kahcs.
Phía sau cốp xe y nguyên",,,,,,2026-03-21,2026-03-21T03:06:56.151Z
ChZDSUhNMG9nS0VJQ0FnTURRdWVDVlNREAE,ChIJwTqf3HsvdTERZpjC1f9bJqc,ChIJwTqf3HsvdTERZpjC1f9bJqc,Bãi giữ xe ô tô,,Vũ Nguyễn,,4,"Bãi xe rộng rãi, giá cả phải chăng.
Nhược điểm đi bộ vào bệnh viện hơi xa",,,,,,2026-03-21,2026-03-21T03:06:56.151Z
ChdDSUhNMG9nS0VPaTF1Y2lGbXFQMXFnRRAB,ChIJwTqf3HsvdTERZpjC1f9bJqc,ChIJwTqf3HsvdTERZpjC1f9bJqc,Bãi giữ xe ô tô,,Hà Linh Nguyễn,,5,"Rộng rãi, ngoài lán ko phải để lại khóa, giá 70k từ sáng đến chiều",,,,,,2026-03-21,2026-03-21T03:06:56.151Z
ChZDSUhNMG9nS0VJQ0FnSUNhdm9hWFpBEAE,ChIJg_HsuhsrdTERiEPArN9ppyk,ChIJg_HsuhsrdTERiEPArN9ppyk,Tư Vấn Mở Tiệm Rửa Xe Ô Tô Xe Máy TEARU,,Vũ Minh Khôi,,5,"Đã mua máy rửa xe cao áp bên này, máy móc ok hết, xài hơn nữa năm có bị hư van một chiều gọi điện lại vẫn bảo hành đúng như ban đầu bán, cho 5 sao lần sau ủng hộ mua shop tiếp.",,,,,,2026-03-21,2026-03-21T03:06:56.151Z
ChZDSUhNMG9nS0VJQ0FnSUNhX3NpVVlBEAE,ChIJg_HsuhsrdTERiEPArN9ppyk,ChIJg_HsuhsrdTERiEPArN9ppyk,Tư Vấn Mở Tiệm Rửa Xe Ô Tô Xe Máy TEARU,,Hiểu Nguyễn Văn,,5,"Đã mua hàng ở đây, nhân viên nhiệt tình, hàng dùng rất ok. Gọi bảo hành cũng được hỗ trợ ngay.",,,,,,2026-03-21,2026-03-21T03:06:56.151Z
ChZDSUhNMG9nS0VJQ0FnSUNhdnRyMmNBEAE,ChIJg_HsuhsrdTERiEPArN9ppyk,ChIJg_HsuhsrdTERiEPArN9ppyk,Tư Vấn Mở Tiệm Rửa Xe Ô Tô Xe Máy TEARU,,Duong Nguyen,,5,"Sản phẩm bên cty khá oke , chế độ bảo hành tốt",,,,,,2026-03-21,2026-03-21T03:06:56.151Z
ChZDSUhNMG9nS0VJQ0FnSUNhdnMzcU5REAE,ChIJg_HsuhsrdTERiEPArN9ppyk,ChIJg_HsuhsrdTERiEPArN9ppyk,Tư Vấn Mở Tiệm Rửa Xe Ô Tô Xe Máy TEARU,,Quốc Nguyễn,,5,Mình đã mua thiết bị ở đây dùng rất ok ạ,,,,,,2026-03-21,2026-03-21T03:06:56.151Z
ChZDSUhNMG9nS0VJQ0FnSUNhdnByZk9nEAE,ChIJg_HsuhsrdTERiEPArN9ppyk,ChIJg_HsuhsrdTERiEPArN9ppyk,Tư Vấn Mở Tiệm Rửa Xe Ô Tô Xe Máy TEARU,,Phuc Huynh,,5,"Tư vấn nhiệt tình, chuyên nghiệp, hỗ trợ khách hàng nhanh",,,,,,2026-03-21,2026-03-21T03:06:56.151Z
ChZDSUhNMG9nS0VJQ0FnSUNhdnViWlp3EAE,ChIJg_HsuhsrdTERiEPArN9ppyk,ChIJg_HsuhsrdTERiEPArN9ppyk,Tư Vấn Mở Tiệm Rửa Xe Ô Tô Xe Máy TEARU,,Nam Do,,5,"Sản phẩm khá ổn,chất lượng tốt.",,,,,,2026-03-21,2026-03-21T03:06:56.151Z
ChZDSUhNMG9nS0VJQ0FnSURSbkxIZ0p3EAE,ChIJg_HsuhsrdTERiEPArN9ppyk,ChIJg_HsuhsrdTERiEPArN9ppyk,Tư Vấn Mở Tiệm Rửa Xe Ô Tô Xe Máy TEARU,,chung Trần,,1,Lừa đảo,,,,,,2026-03-21,2026-03-21T03:06:56.151Z
ChZDSUhNMG9nS0VJQ0FnSUNhdnRyOExnEAE,ChIJg_HsuhsrdTERiEPArN9ppyk,ChIJg_HsuhsrdTERiEPArN9ppyk,Tư Vấn Mở Tiệm Rửa Xe Ô Tô Xe Máy TEARU,,nguyet phan,,5,Sản phẩm rất tốt,,,,,,2026-03-21,2026-03-21T03:06:56.151Z
Ci9DQUlRQUNvZENodHljRjlvT25sdGFVUnBNRlpLUVZOblUxZHZhWFE0VWxoRGFsRRAB,ChIJF18FEjLXdDER2esvX8ZJRtg,ChIJF18FEjLXdDER2esvX8ZJRtg,VinaWash - Tân Phú,,thanh luan Nguyen,,5,Vevy good,,,,,,2026-03-21,2026-03-21T03:06:56.151Z
ChdDSUhNMG9nS0VJQ0FnTUR3azhYSS1nRRAB,ChIJF18FEjLXdDER2esvX8ZJRtg,ChIJF18FEjLXdDER2esvX8ZJRtg,VinaWash - Tân Phú,,Theodore Duong (Theo),,5,"Good customer service, good attitude and friendly members.",,,,,,2026-03-21,2026-03-21T03:06:56.151Z
Ci9DQUlRQUNvZENodHljRjlvT2xSRU0xQmZSbmwzZHpKR2FUTkxRVXREUXpWZmIxRRAB,ChIJF18FEjLXdDER2esvX8ZJRtg,ChIJF18FEjLXdDER2esvX8ZJRtg,VinaWash - Tân Phú,,mr Danh,,5,Good,,,,,,2026-03-21,2026-03-21T03:06:56.151Z
ChdDSUhNMG9nS0VJQ0FnTURJMnFQSnNRRRAB,ChIJF18FEjLXdDER2esvX8ZJRtg,ChIJF18FEjLXdDER2esvX8ZJRtg,VinaWash - Tân Phú,,Thao Nguyen,,5,Really Good service and price,,,,,,2026-03-21,2026-03-21T03:06:56.151Z
Ci9DQUlRQUNvZENodHljRjlvT2xKNWFteHhNMDlQTlVGVFluazVjRXRUYTNoWmVYYxAB,ChIJF18FEjLXdDER2esvX8ZJRtg,ChIJF18FEjLXdDER2esvX8ZJRtg,VinaWash - Tân Phú,,반상수,,5,Very good,,,,,,2026-03-21,2026-03-21T03:06:56.151Z
ChdDSUhNMG9nS0VJQ0FnTURvaHZMOHp3RRAB,ChIJF18FEjLXdDER2esvX8ZJRtg,ChIJF18FEjLXdDER2esvX8ZJRtg,VinaWash - Tân Phú,,Tiến An Nguyễn,,5,Ok,,,,,,2026-03-21,2026-03-21T03:06:56.151Z
Ci9DQUlRQUNvZENodHljRjlvT2xCR2MwRllTblpPUmtvNVozUldUSHBoYnpScWJHYxAB,ChIJF18FEjLXdDER2esvX8ZJRtg,ChIJF18FEjLXdDER2esvX8ZJRtg,VinaWash - Tân Phú,,Cuong Nguyenba,,5,Ok,,,,,,2026-03-21,2026-03-21T03:06:56.151Z
ChdDSUhNMG9nS0VMejU5WmplbWFPcHlnRRAB,ChIJF18FEjLXdDER2esvX8ZJRtg,ChIJF18FEjLXdDER2esvX8ZJRtg,VinaWash - Tân Phú,,Nguyen Ngo Hong,,5,Good,,,,,,2026-03-21,2026-03-21T03:06:56.151Z
Ci9DQUlRQUNvZENodHljRjlvT201a2FFTTNVa0pHZWpOQmFIUjRVVUZ6V21OaVdFRRAB,ChIJs3qKUzYndTERtZLKKGlAA5w,ChIJs3qKUzYndTERtZLKKGlAA5w,Trung Tâm Chăm Sóc & Rửa Xe Ôtô Kakawa,,Bùi Minh,,1,mình bên xanhsm đến trước mà phải chờ rửa sau xe tư nhân. mình ra thắc mắc thì mới báo giá. mình đã từng rửa rồi nên nghĩ vẫn giá cũ.lúc vào không nói giá tết x2 luôn đi. để chờ từ 7h30 đến 8h30 mới nói làm mất 60 phút cuộc đời,,,,,,2026-03-21,2026-03-21T03:06:56.151Z
Ci9DQUlRQUNvZENodHljRjlvT2paMGJsbzBiMVl5VVdRelEwWkVSbFJxV1RsVGNHYxAB,ChIJs3qKUzYndTERtZLKKGlAA5w,ChIJs3qKUzYndTERtZLKKGlAA5w,Trung Tâm Chăm Sóc & Rửa Xe Ôtô Kakawa,,ĐĂNG PHÚC LÊ NGUYỄN,,5,Rửa xe rẻ . làm nhanh . khá kỹ . rộng rãi có quán nước và chỗ ngồi xem rửa trực tiếp .,,,,,,2026-03-21,2026-03-21T03:06:56.151Z
ChdDSUhNMG9nS0VJQ0FnSUNaaFBtVjRRRRAB,ChIJs3qKUzYndTERtZLKKGlAA5w,ChIJs3qKUzYndTERtZLKKGlAA5w,Trung Tâm Chăm Sóc & Rửa Xe Ôtô Kakawa,,Khiêm Nguyễn,,5,"Hút bụi xong nhìn xe như mới . Tiệm rửa rộng rãi , thoáng mát,  giá cả hợp lý. Chủ thân thiện, nhân viên nhiệt tình . Sẽ quay lại ủng hộ !!",,,,,,2026-03-21,2026-03-21T03:06:56.151Z
ChZDSUhNMG9nS0VJQ0FnSUNEejRyTE9BEAE,ChIJs3qKUzYndTERtZLKKGlAA5w,ChIJs3qKUzYndTERtZLKKGlAA5w,Trung Tâm Chăm Sóc & Rửa Xe Ôtô Kakawa,,Phong Nhỏo,,5,"Ở đây rửa xe kỹ, chỗ ngồi thoải mái, rộng rãi.
, xứng đáng đồng tiền. Nhân viên nhiệt tình! Bà chủ dễ thương!!",,,,,,2026-03-21,2026-03-21T03:06:56.151Z
ChZDSUhNMG9nS0VJQ0FnSURIa0lXcmFREAE,ChIJs3qKUzYndTERtZLKKGlAA5w,ChIJs3qKUzYndTERtZLKKGlAA5w,Trung Tâm Chăm Sóc & Rửa Xe Ôtô Kakawa,,Yuki Nguyễn,,5,"Có 2 trụ sạc 60w (4 súng). Bãi xe sạch đẹp, rộng rãi, thoải mái, rất thích",,,,,,2026-03-21,2026-03-21T03:06:56.151Z
ChdDSUhNMG9nS0VJQ0FnSUMzbHQzOTR3RRAB,ChIJs3qKUzYndTERtZLKKGlAA5w,ChIJs3qKUzYndTERtZLKKGlAA5w,Trung Tâm Chăm Sóc & Rửa Xe Ôtô Kakawa,,Hien Nguyen,,5,Có 2 trạm sạc 60w. Rứa xe sạch sẽ.  Nhân viên lịch sự. Đặt biệt chu tiệm rất dễ thương và nhiệt tinh.  Tui rất thích.,,,,,,2026-03-21,2026-03-21T03:06:56.151Z
ChZDSUhNMG9nS0VJQ0FnSUMzbHZQUFZ3EAE,ChIJs3qKUzYndTERtZLKKGlAA5w,ChIJs3qKUzYndTERtZLKKGlAA5w,Trung Tâm Chăm Sóc & Rửa Xe Ôtô Kakawa,,Hien Nguyen,,5,Tiệm rửa xe thoáng mát.  Nhân viên lịch sự.  Cô chủ tiệm dễ thương và nhiệt tinh.  Tui rất hài lòng.,,,,,,2026-03-21,2026-03-21T03:06:56.151Z
ChZDSUhNMG9nS0VJQ0FnSURwbjk2OWFBEAE,ChIJs3qKUzYndTERtZLKKGlAA5w,ChIJs3qKUzYndTERtZLKKGlAA5w,Trung Tâm Chăm Sóc & Rửa Xe Ôtô Kakawa,,Thương Nguyễn,,5,"Bãi rửa xe sạch sẽ có chỗ ngồi thoáng mát, nhân viên nhiệt tình. Đáng quay lại nha!!",,,,,,2026-03-21,2026-03-21T03:06:56.151Z
ChdDSUhNMG9nS0VJQ0FnTUNnMnF6Ujd3RRAB,ChIJK7D8m28pdTEREKgyK6aySo8,ChIJK7D8m28pdTEREKgyK6aySo8,Auto Care 68 - Chăm Sóc Xe Hơi Quận 12,,Hung RB,,5,"Anh em kỹ thuật rửa xe rất kỹ và có tâm, anh chủ nói chuyện nhiệt tình dễ gần. Giá cả cũng rất phù hợp cho anh em dịch vụ, ai ở quận 12 nên qua thử. Rất đáng đồng tiền. Nhất là anh em dịch vụ!!",,,,,,2026-03-21,2026-03-21T03:06:56.151Z
ChZDSUhNMG9nS0VJQ0FnTUNvd3E3a1hREAE,ChIJK7D8m28pdTEREKgyK6aySo8,ChIJK7D8m28pdTEREKgyK6aySo8,Auto Care 68 - Chăm Sóc Xe Hơi Quận 12,,Việt Nguyễn,,5,"kỹ thuật rửa xe rất kỹ và có tâm, anh chủ nói chuyện nhiệt tình dễ gần. Giá cả cũng rất phù hợp cho anh em dịch vụ, ai ở quận 12 nên qua thử. Rất đáng đồng tiền. Nhất là anh em dịch vụ!!",,,,,,2026-03-21,2026-03-21T03:06:56.151Z
ChZDSUhNMG9nS0VJQ0FnTUNvZ3R2c09nEAE,ChIJK7D8m28pdTEREKgyK6aySo8,ChIJK7D8m28pdTEREKgyK6aySo8,Auto Care 68 - Chăm Sóc Xe Hơi Quận 12,,NgocAnh Trần,,5,"mn thân thiện nhiệt tình, dịch vụ không có chỗ nào để chê",,,,,,2026-03-21,2026-03-21T03:06:56.151Z
ChdDSUhNMG9nS0VJQ0FnSURwaDl5QnJnRRAB,ChIJK7D8m28pdTEREKgyK6aySo8,ChIJK7D8m28pdTEREKgyK6aySo8,Auto Care 68 - Chăm Sóc Xe Hơi Quận 12,,Thinh Nguyen,,5,"Nhân viên chuyên nghiệp, chất lượng phục vụ quá ok. Nhân viên vui vẻ hài....",,,,,,2026-03-21,2026-03-21T03:06:56.151Z
ChdDSUhNMG9nS0VJQ0FnSURwaF9UYnJnRRAB,ChIJK7D8m28pdTEREKgyK6aySo8,ChIJK7D8m28pdTEREKgyK6aySo8,Auto Care 68 - Chăm Sóc Xe Hơi Quận 12,,Đỗ Ngọc Duy - 0110,,5,"Đã làm dịch vụ bên này, chăm sóc rất ok nha",,,,,,2026-03-21,2026-03-21T03:06:56.151Z
ChZDSUhNMG9nS0VJQ0FnSURwaDlTdkJREAE,ChIJK7D8m28pdTEREKgyK6aySo8,ChIJK7D8m28pdTEREKgyK6aySo8,Auto Care 68 - Chăm Sóc Xe Hơi Quận 12,,Văn Nhật Mai,,5,Dịch vụ tốt. Nhân viên vui tính thân thiện,,,,,,2026-03-21,2026-03-21T03:06:56.151Z
ChZDSUhNMG9nS0VJQ0FnSUN1OFkyaUNBEAE,ChIJK7D8m28pdTEREKgyK6aySo8,ChIJK7D8m28pdTEREKgyK6aySo8,Auto Care 68 - Chăm Sóc Xe Hơi Quận 12,,Toan Ho Phuoc,,5,Trên cả tuyệt vời. Kỹ thuật làm việc chuyên nghiệp. Thân thiện. Vui vẻ. ❤️❤️❤️,,,,,,2026-03-21,2026-03-21T03:06:56.151Z
ChZDSUhNMG9nS0VJQ0FnSUN1OFkzRldREAE,ChIJK7D8m28pdTEREKgyK6aySo8,ChIJK7D8m28pdTEREKgyK6aySo8,Auto Care 68 - Chăm Sóc Xe Hơi Quận 12,,Quốc Hữu,,5,"Nhân viên rửa kĩ, nhiệt tình sạch sẽ.",,,,,,2026-03-21,2026-03-21T03:06:56.151Z
ChdDSUhNMG9nS0VJQ0FnTUNRMXFuZS1nRRAB,ChIJPQ8m-2EpdTERZKS8WSDmA08,ChIJPQ8m-2EpdTERZKS8WSDmA08,Vá Vỏ Lưu Động - Rửa Xe ô tô Quận Tân Bình - Phượng Lân,,Kevin Khuong,,5,Great place to get my tires replaced. Friendly honest family owned business.  High recommended.,,,,,,2026-03-21,2026-03-21T03:06:56.151Z
ChZDSUhNMG9nS0VJQ0FnTUNRMXZHS0JREAE,ChIJPQ8m-2EpdTERZKS8WSDmA08,ChIJPQ8m-2EpdTERZKS8WSDmA08,Vá Vỏ Lưu Động - Rửa Xe ô tô Quận Tân Bình - Phượng Lân,,Anna Tran,,5,Nice and friendly family! Provide very good service! Highly Recommend,,,,,,2026-03-21,2026-03-21T03:06:56.151Z
ChZDSUhNMG9nS0VJQ0FnSUNKeE92U2NnEAE,ChIJPQ8m-2EpdTERZKS8WSDmA08,ChIJPQ8m-2EpdTERZKS8WSDmA08,Vá Vỏ Lưu Động - Rửa Xe ô tô Quận Tân Bình - Phượng Lân,,QUANG DUY DUONG (Eric Duong),,5,Okay good,,,,,,2026-03-21,2026-03-21T03:06:56.151Z
ChdDSUhNMG9nS0VJQ0FnSUNxdnJYdndRRRAB,ChIJPQ8m-2EpdTERZKS8WSDmA08,ChIJPQ8m-2EpdTERZKS8WSDmA08,Vá Vỏ Lưu Động - Rửa Xe ô tô Quận Tân Bình - Phượng Lân,,Van Duc Nguyen,,5,Good 👍👍👍👍👍,,,,,,2026-03-21,2026-03-21T03:06:56.151Z
Ci9DQUlRQUNvZENodHljRjlvT2pFd0xWWnZabTFXVURRM1RFbDNkWHBITVRObVNrRRAB,ChIJPQ8m-2EpdTERZKS8WSDmA08,ChIJPQ8m-2EpdTERZKS8WSDmA08,Vá Vỏ Lưu Động - Rửa Xe ô tô Quận Tân Bình - Phượng Lân,,Khang Lâm Hoàng,,1,"Mình vào vá xe ổng nói vỏ mình bị phù, đòi bán cái vỏ cũ khác cho mình để đi đỡ mình không chịu, mình kêu ổng thay vỏ sơ cua. Đem vỏ sơ cua xuống thay rồi bơm hơi cho mình 4kg trong khi đúng kỹ thuật chỉ 2,3-2,6kg. Làm ăn mất dạy tui đi cao tốc nó mà nổ có tai nạn công an sẽ kiếm ông. Làm ăn bớt láo nháo nha !
Mọi người né cái tiệm này ra có ngày bị nó chơi trò tiểu nhân.",,,,,,2026-03-21,2026-03-21T03:06:56.151Z
Ci9DQUlRQUNvZENodHljRjlvT25wUlgxbE9jMGxKT0ZCcVNWSnFjelZoVUhKeU5GRRAB,ChIJPQ8m-2EpdTERZKS8WSDmA08,ChIJPQ8m-2EpdTERZKS8WSDmA08,Vá Vỏ Lưu Động - Rửa Xe ô tô Quận Tân Bình - Phượng Lân,,Trần Đức Linh,,1,"Quán cực mất dạy, sáng sớm mình ăn sáng kế bên không đậu trước tiệm nó, chỉ chắn đường xe lên mà chổ lên không hề dính tới tiệm nó luôn. Vậy mà đạo đức của người làm nghề vá xe ô tô lại đi sì không còn 1 tý hơi xe người ta. Không hề nói mình tiếng nào. Làm xe di chuyển một tý mớt phát hiện. Tẩy chay cái tiệm thất đức này đi đừng ghé vô",,,,,,2026-03-21,2026-03-21T03:06:56.151Z
Ci9DQUlRQUNvZENodHljRjlvT2s5QmFTMVJTRFV6YVdSd2VVNUxWRzlYVTBacWJVRRAB,ChIJPQ8m-2EpdTERZKS8WSDmA08,ChIJPQ8m-2EpdTERZKS8WSDmA08,Vá Vỏ Lưu Động - Rửa Xe ô tô Quận Tân Bình - Phượng Lân,,Trí Bảo Ngô,,5,"Giá cả phải chăng, thoải mái và nhiệt tình yêu",,,,,,2026-03-21,2026-03-21T03:06:56.151Z
Ci9DQUlRQUNvZENodHljRjlvT25CeVgzRlpkbkZwY2psbmJrTnhiM2hzTUc1dVRYYxAB,ChIJPQ8m-2EpdTERZKS8WSDmA08,ChIJPQ8m-2EpdTERZKS8WSDmA08,Vá Vỏ Lưu Động - Rửa Xe ô tô Quận Tân Bình - Phượng Lân,,Phụng Lê,,1,"Vá xong lắp bắn ốc bánh, ko bơm lại cho ngta, lạy hồn",,,,,,2026-03-21,2026-03-21T03:06:56.151Z
ChdDSUhNMG9nS0VJQ0FnSURKX3BybnhBRRAB,ChIJnYEfIYcvdTERyn-385Cj0go,ChIJnYEfIYcvdTERyn-385Cj0go,"Thanh An Autocare - Vỏ Lốp, Cứu Hộ Ô Tô Chăm Sóc Xe Quận 7",,Khoa Nguyen,,5,"I’ve been using their service for more than 5 years now, and am very satisfied. Very professional car wash, care, and tire works. Very helpful and friendly staffs. A nice waiting room with free drinks.",,,,,,2026-03-21,2026-03-21T03:06:56.151Z
ChdDSUhNMG9nS0VJQ0FnSURnMnVlRzRnRRAB,ChIJnYEfIYcvdTERyn-385Cj0go,ChIJnYEfIYcvdTERyn-385Cj0go,"Thanh An Autocare - Vỏ Lốp, Cứu Hộ Ô Tô Chăm Sóc Xe Quận 7",,Su Su,,5,They have professional service with cars. Voted.,,,,,,2026-03-21,2026-03-21T03:06:56.151Z
ChdDSUhNMG9nS0VJQ0FnSUN3OE9Iei13RRAB,ChIJnYEfIYcvdTERyn-385Cj0go,ChIJnYEfIYcvdTERyn-385Cj0go,"Thanh An Autocare - Vỏ Lốp, Cứu Hộ Ô Tô Chăm Sóc Xe Quận 7",,Eddie Warena,,5,"130,000vnd for punctured tire and full car wash inside/outside, free drink for customer while waiting in lounge. Highly Recommend this shop",,,,,,2026-03-21,2026-03-21T03:06:56.151Z
Ci9DQUlRQUNvZENodHljRjlvT214V09WaEhVVTVCV1ZJMk9FOUlaalZLTkdwVGJYYxAB,ChIJnYEfIYcvdTERyn-385Cj0go,ChIJnYEfIYcvdTERyn-385Cj0go,"Thanh An Autocare - Vỏ Lốp, Cứu Hộ Ô Tô Chăm Sóc Xe Quận 7",,Thiện Đăng,,5,Ok,,,,,,2026-03-21,2026-03-21T03:06:56.151Z
Ci9DQUlRQUNvZENodHljRjlvT21Jd2FIWnhka2hmT0RSaFRVTk5ZVEUwUkdVdE1WRRAB,ChIJnYEfIYcvdTERyn-385Cj0go,ChIJnYEfIYcvdTERyn-385Cj0go,"Thanh An Autocare - Vỏ Lốp, Cứu Hộ Ô Tô Chăm Sóc Xe Quận 7",,Nguyen Huu Minh Dang,,5,Ok,,,,,,2026-03-21,2026-03-21T03:06:56.151Z
ChZDSUhNMG9nS0VJQ0FnSUN5dnFISklREAE,ChIJnYEfIYcvdTERyn-385Cj0go,ChIJnYEfIYcvdTERyn-385Cj0go,"Thanh An Autocare - Vỏ Lốp, Cứu Hộ Ô Tô Chăm Sóc Xe Quận 7",,Thanh Duy,,5,Very detailing service. So amazing,,,,,,2026-03-21,2026-03-21T03:06:56.151Z
ChZDSUhNMG9nS0VJQ0FnSURocnVHWE93EAE,ChIJnYEfIYcvdTERyn-385Cj0go,ChIJnYEfIYcvdTERyn-385Cj0go,"Thanh An Autocare - Vỏ Lốp, Cứu Hộ Ô Tô Chăm Sóc Xe Quận 7",,Tim Wong,,5,Absolutely VIP services with reasonable charge,,,,,,2026-03-21,2026-03-21T03:06:56.151Z
ChZDSUhNMG9nS0VJQ0FnSURKMnBIV1VREAE,ChIJnYEfIYcvdTERyn-385Cj0go,ChIJnYEfIYcvdTERyn-385Cj0go,"Thanh An Autocare - Vỏ Lốp, Cứu Hộ Ô Tô Chăm Sóc Xe Quận 7",,Nguyễn Minh Hổ,,5,Ok. Good Service,,,,,,2026-03-21,2026-03-21T03:06:56.151Z
ChZDSUhNMG9nS0VJQ0FnSURMMVplZGJnEAE,ChIJAxwRPmwvdTERJPonxNY8yCU,ChIJAxwRPmwvdTERJPonxNY8yCU,VinaWash - District 7,,Jintaik Kim,,5,30k for motorcycle. Friendly staffs and good service. Definitely come back again.,,,,,,2026-03-21,2026-03-21T03:06:56.151Z
ChZDSUhNMG9nS0VJQ0FnSURoa3J5WVp3EAE,ChIJAxwRPmwvdTERJPonxNY8yCU,ChIJAxwRPmwvdTERJPonxNY8yCU,VinaWash - District 7,,Trần Đức Thiện,,5,Good job,,,,,,2026-03-21,2026-03-21T03:06:56.151Z
ChdDSUhNMG9nS0VJQ0FnSUN1c0lXNnlnRRAB,ChIJAxwRPmwvdTERJPonxNY8yCU,ChIJAxwRPmwvdTERJPonxNY8yCU,VinaWash - District 7,,Hoang Trong Huy,,5,Ok,,,,,,2026-03-21,2026-03-21T03:06:56.151Z
Ci9DQUlRQUNvZENodHljRjlvT21SUVVXcFhjRWgwTldGUk1tUXlla3N3ZUVacGVHYxAB,ChIJAxwRPmwvdTERJPonxNY8yCU,ChIJAxwRPmwvdTERJPonxNY8yCU,VinaWash - District 7,,Wan Ta,,1,"rửa xe hút bụi ẩu, còn bụi y nguyên trong hộc chỗ để ly, thua, tiền lấy không thiếu 1 đồng, làm ăn ẩu tả",,,,,,2026-03-21,2026-03-21T03:06:56.151Z
Ci9DQUlRQUNvZENodHljRjlvT2toTGNWQlplSGszTm5GMmFHWk1SR3N0VkRWV1psRRAB,ChIJAxwRPmwvdTERJPonxNY8yCU,ChIJAxwRPmwvdTERJPonxNY8yCU,VinaWash - District 7,,truong nguyen,,1,Tôi vừa rửa xe máy giá 40k. Và cách họ rửa 🥲,,,,,,2026-03-21,2026-03-21T03:06:56.151Z
Ci9DQUlRQUNvZENodHljRjlvT21GbVpIazJiRE5tVW5KeGNYbHhkbGhxTFdOMmFuYxAB,ChIJAxwRPmwvdTERJPonxNY8yCU,ChIJAxwRPmwvdTERJPonxNY8yCU,VinaWash - District 7,,Minh Thủy Phạm Ngọc,,1,"bạn tiếp nhận xe vô thì nói chuyện cọc và khó chịu.
rửa xe còn bụi, nói còn dơ thì nói xe trầy, mình tự lau thì hết.
1 lần thôi mình hông quay lại.",,,,,,2026-03-21,2026-03-21T03:06:56.151Z
Ci9DQUlRQUNvZENodHljRjlvT2sxVVJ6RkNaMjVKVDFoTU0xUjRWVWxUWVhoaWNtYxAB,ChIJAxwRPmwvdTERJPonxNY8yCU,ChIJAxwRPmwvdTERJPonxNY8yCU,VinaWash - District 7,,Do Kenndy,,1,"Rửa xe làm rớt đồ người ta không xin lỗi, cô chủ thái độ ko tốt, sẽ ko quay lại",,,,,,2026-03-21,2026-03-21T03:06:56.151Z
ChdDSUhNMG9nS0VJQ0FnSUMyaWNudnJnRRAB,ChIJAxwRPmwvdTERJPonxNY8yCU,ChIJAxwRPmwvdTERJPonxNY8yCU,VinaWash - District 7,,Louis Nguyen,,5,Rửa xe chuyên nghiệp không gian thoáng đãng giá rẻ phải chăng. Có rửa vào chủ nhật nha mọi người. Nhân viên phục vụ nhiệt tình chu đáo,,,,,,2026-03-21,2026-03-21T03:06:56.151Z
Ci9DQUlRQUNvZENodHljRjlvT2tSQ00wOU9SMGR3ZGxCWFNWOXRiSEUyUVZWd1RGRRAB,ChIJ_zTRdwAvdTER2eye_1Z6Db8,ChIJ_zTRdwAvdTER2eye_1Z6Db8,Rửa xe ô tô Trung Sơn,,Thanh Pham,,5,Ok,,,,,,2026-03-21,2026-03-21T03:06:56.151Z
ChZDSUhNMG9nS0VJQ0FnSUNHanFHcWNREAE,ChIJ_zTRdwAvdTER2eye_1Z6Db8,ChIJ_zTRdwAvdTER2eye_1Z6Db8,Rửa xe ô tô Trung Sơn,,Manh Doan Xuan,,4,"Look so so to me. Wash car, fix flat tyres,...",,,,,,2026-03-21,2026-03-21T03:06:56.151Z
ChZDSUhNMG9nS0VJQ0FnSUR5MHBUb1BREAE,ChIJ_zTRdwAvdTER2eye_1Z6Db8,ChIJ_zTRdwAvdTER2eye_1Z6Db8,Rửa xe ô tô Trung Sơn,,an Vo quoc,,4,good,,,,,,2026-03-21,2026-03-21T03:06:56.151Z
ChdDSUhNMG9nS0VJQ0FnSUNDaGJtd2dnRRAB,ChIJ_zTRdwAvdTER2eye_1Z6Db8,ChIJ_zTRdwAvdTER2eye_1Z6Db8,Rửa xe ô tô Trung Sơn,,박재호,,5,Good service,,,,,,2026-03-21,2026-03-21T03:06:56.151Z
ChdDSUhNMG9nS0VJQ0FnSUN5cjVTZjVnRRAB,ChIJ_zTRdwAvdTER2eye_1Z6Db8,ChIJ_zTRdwAvdTER2eye_1Z6Db8,Rửa xe ô tô Trung Sơn,,Giang Sơn Hoang,,5,Ok,,,,,,2026-03-21,2026-03-21T03:06:56.151Z
ChZDSUhNMG9nS0VJQ0FnTUNBelpIRkF3EAE,ChIJ_zTRdwAvdTER2eye_1Z6Db8,ChIJ_zTRdwAvdTER2eye_1Z6Db8,Rửa xe ô tô Trung Sơn,,Leon Nguyễn,,1,"Tính giá cao mà làm thợ làm ko có tâm. Chị chủ thì ok còn thằng cha chồng và đám thợ ko còn từ gì diễn tả.
Rửa xe còn dơ kinh khủng
Mình hỏi:
Anh ơi bên mình không có cái gì để cọ mâm cho nó sạch à? Chứ e mới đi tỉnh về nên hơi dơ.
Hỏi thằng chủ thì nó bảo:
Được trả lời: ở đây rửa vậy à, chứ muốn sạch thì ĐI CHỖ KHÁC MÀ RỬA. Và được lặp đi lặp lại 3 lần nha mọi người. Lúc đó mình tính nói rồi nhưng thôi, cái gì cũng có quả.
Cái xô chả biết xà bông gì, ko có xịt bọt tuyết cứ lấy xà bông trog xô đó rồi rửa xe, dưới phần sát mâm là bùn đất còn dơ y nguyên
Mình nghĩ đây chắc rửa sạch bụi chứ ko phải rửa sạch xe.
Hút bụi thì trong hộc ly y nguyên, thợ láo lắm nhé lau ko để ý làm bị nghiêng màn hình camera cập lề phải.
Tóm lại đã làm dịch vụ + lấy tiền + phụ phí thì nên làm bằng cái tâm. Lấy tiền kiểu này thì chỉ lấy được 1 lần thôi.",,,,,,2026-03-21,2026-03-21T03:06:56.151Z
Ci9DQUlRQUNvZENodHljRjlvT25OUFpFdHdaa3R5WDBWaGNFOUdNVFpRVTFFMFpXYxAB,ChIJ_zTRdwAvdTER2eye_1Z6Db8,ChIJ_zTRdwAvdTER2eye_1Z6Db8,Rửa xe ô tô Trung Sơn,,Ngoc Bui,,5,"Rửa nhanh, cũng tạm chấp nhận chứ không phải quá cẩn thận. Rửa ngoài, ko hút bụi 70K cũng giá chung",,,,,,2026-03-21,2026-03-21T03:06:56.151Z
ChdDSUhNMG9nS0VJQ0FnSURzdU9QTWlBRRAB,ChIJ_zTRdwAvdTER2eye_1Z6Db8,ChIJ_zTRdwAvdTER2eye_1Z6Db8,Rửa xe ô tô Trung Sơn,,Linh Pham,,1,"Các bác tránh xa chỗ sửa xe này ra nhé. Hôm qua ô tô nhà em ghé đây vá tạm lỗ đinh với vết nứt xong. Đang trên đường đến chỗ thay vỏ thì bánh sau đảo kinh khủng rồi văng luôn 2 con ốc ra đường. Em phải quay lại chỗ này gấp + nhặt ốc bắt họ siết lại đinh mới đi được. Quá sức nguy hiểm. Mất cả tiếng đồng hồ.

Tưởng vậy là xong nhưng qua chỗ thay vỏ thì mới phát hiện ra là ốc vừa siết bị gãy răng vì siết quá ẩu. Thiệt hại thêm con ốc zin và nửa tiếng đồng hồ nữa.

Tóm lại là mất tiền mất thời gian mà còn phá xe và nguy hiểm đến tính mạng, các bác nhớ tránh và vận động toàn dân cùng tránh nha.",,,,,,2026-03-21,2026-03-21T03:06:56.151Z
Ci9DQUlRQUNvZENodHljRjlvT2tGcmJuRnRTV3ROVG5selVtSnFZbk5DTlc5WlFsRRAB,ChIJyXQx2IQtdTERejSsgh6kZBQ,ChIJyXQx2IQtdTERejSsgh6kZBQ,Rửa xe Minh Quân,,Rờ Rờ Motovlog,,4,"Vô đây cắm sạc.

Xe hơi 1 tiếng cắm là 10k nha, không phải là 10k/lượt. Anh em lưu ý.

Nếu muốn sạc rẻ thì ra sau lưng aeon mall ấy",,,,,,2026-03-21,2026-03-21T03:06:56.151Z
Ci9DQUlRQUNvZENodHljRjlvT21wQk0yaDNVMHBuVGw5NmFXMTZZVE5wZVV0alJsRRAB,ChIJyXQx2IQtdTERejSsgh6kZBQ,ChIJyXQx2IQtdTERejSsgh6kZBQ,Rửa xe Minh Quân,,Phat Nguyen,,1,"Mình có trải nghiệm tệ tại tiệm rửa xe này. Ngày 5/1 mình chạy ngang thấy bảng hiệu lớn trên đầu ghi rửa xe và sạc điện xe. Nhìn dô trong toàn oto đậu
Nên mình chạy dô hỏi : “có rửa xe máy không anh ơi”
Và ông anh trung niên trong ảnh nói mình : “hỏi gì kì vậy. Ở đây rửa xe máy chứ gì, không thấy để bảng bên hông ghi hả”
Rồi ổng bực bội thái độ dẫn xe mình đi rửa
Cái bảng ở bên hông ở dưới nếu đi từ hướng tỉnh lộ 10 quẹo dô bị khuất sẽ không thấy. Có rửa oto và xe máy
Lần đầu tiên trong 15 năm mình đi rửa xe máy vs oto mà gặp trường hợp nch với khách kiểu này luôn
Không biết là chủ hay nhân viên mà nch kiểu đó
Nếu là chủ mà không cần khách vậy nên dẹp mẹ tiệm đi .
Có tiệm rửa xe sạc xe kiếm mấy đồng bạc cắt mà nch bố láo kiểu đó",,,,,,2026-03-21,2026-03-21T03:06:56.151Z
ChdDSUhNMG9nS0VJQ0FnSUNxNDZhZW1RRRAB,ChIJyXQx2IQtdTERejSsgh6kZBQ,ChIJyXQx2IQtdTERejSsgh6kZBQ,Rửa xe Minh Quân,,ĐỒ DÙNG TỐT,,3,"Cũng tạm chấp nhận, tẩy quá mạnh bay cả màu bộ sên mới gắn hic😪🥵, giá hơi chua. Lau xịt không kỹ chạy 15p xe chưa khô dàn áo.",,,,,,2026-03-21,2026-03-21T03:06:56.151Z
ChZDSUhNMG9nS0VJQ0FnSURfM2JDalN3EAE,ChIJyXQx2IQtdTERejSsgh6kZBQ,ChIJyXQx2IQtdTERejSsgh6kZBQ,Rửa xe Minh Quân,,Tuấn Trương,,1,"Nhớ ngày thường rửa xe giá cx ok, mà sau tết cái giá chát quá ta, tận 100k trên 1 chiếc. Nhân viên k hề báo giá cả của anh chị bao nhiu luôn mà chỉ lấy tiền r thôi. Rửa lần cuối cùng 100k chiếc quá mắc",,,,,,2026-03-21,2026-03-21T03:06:56.151Z
ChZDSUhNMG9nS0VJQ0FnSURmLS1ydkl3EAE,ChIJyXQx2IQtdTERejSsgh6kZBQ,ChIJyXQx2IQtdTERejSsgh6kZBQ,Rửa xe Minh Quân,,Sang Trần thanh,,1,Gắn trụ sạc vinfast mà bào thu tiền bãi đậu sạc 10k lượt ! Bó tay . Làm ăn mà nghĩ mấy cái lặt vặt để lấy tiền khách thì bó tay thật rồi,,,,,,2026-03-21,2026-03-21T03:06:56.151Z
ChZDSUhNMG9nS0VJQ0FnSUNHak5QekhBEAE,ChIJyXQx2IQtdTERejSsgh6kZBQ,ChIJyXQx2IQtdTERejSsgh6kZBQ,Rửa xe Minh Quân,,Fa Hailua,,5,"Rửa xe khá bài bản, kỹ lưỡng.
Nói chuyện lịch sự, giá cả vừa phải.",,,,,,2026-03-21,2026-03-21T03:06:56.151Z
ChZDSUhNMG9nS0VJQ0FnSUNMaEwyWVl3EAE,ChIJyXQx2IQtdTERejSsgh6kZBQ,ChIJyXQx2IQtdTERejSsgh6kZBQ,Rửa xe Minh Quân,,Tuấn Lê,,1,"Tiệm nhân viên nói chuyện mất dại, chửi bới khách hàng.
- Tôi trả lời anh biết: ko ai giật tiền anh, xe người ta dô sạc, chưa sạc được bị lỗi mà anh đòi thu tiền, anh đi ăn cướp ak.
- Người ta khách mới dô anh chủ tiệm anh phải hướng dẫn, người ta sạc trả tiền chứ đâu phải ăn xin của anh. Tiệm anh làm ăn kiểu này sớm muộn cũng dẹp tiệm.",,,,,,2026-03-21,2026-03-21T03:06:56.151Z
ChZDSUhNMG9nS0VJQ0FnSUNpdjV6NU53EAE,ChIJyXQx2IQtdTERejSsgh6kZBQ,ChIJyXQx2IQtdTERejSsgh6kZBQ,Rửa xe Minh Quân,,Hiếu Dổ,,4,"Rữa sạch ! Đáng đồng tiền , cám ơn.",,,,,,2026-03-21,2026-03-21T03:06:56.151Z
ChZDSUhNMG9nS0VJQ0FnSUNKOWVLOFN3EAE,ChIJkbpRXb4pdTERfM07_qWLQ88,ChIJkbpRXb4pdTERfM07_qWLQ88,Rửa + Gò Vấp,,Thuy Huỳnh Ngọc Bảo,,5,I had a very good service experience here !!!,,,,,,2026-03-21,2026-03-21T03:06:56.151Z
ChZDSUhNMG9nS0VJQ0FnSUREbmFPak9REAE,ChIJkbpRXb4pdTERfM07_qWLQ88,ChIJkbpRXb4pdTERfM07_qWLQ88,Rửa + Gò Vấp,,Ngọc Hưng Võ,,5,Good service,,,,,,2026-03-21,2026-03-21T03:06:56.151Z
ChdDSUhNMG9nS0VJQ0FnSUNGam9hZW1nRRAB,ChIJkbpRXb4pdTERfM07_qWLQ88,ChIJkbpRXb4pdTERfM07_qWLQ88,Rửa + Gò Vấp,,Lam Nguyen,,5,Good place 👍,,,,,,2026-03-21,2026-03-21T03:06:56.151Z
ChZDSUhNMG9nS0VJQ0FnSUNOa0pMU2NREAE,ChIJkbpRXb4pdTERfM07_qWLQ88,ChIJkbpRXb4pdTERfM07_qWLQ88,Rửa + Gò Vấp,,quang ngo manh,,5,Ok,,,,,,2026-03-21,2026-03-21T03:06:56.151Z
Ci9DQUlRQUNvZENodHljRjlvT25WZk5GVktUVkZWTUZWMFRrVmxkWEJJWVdkNlFXYxAB,ChIJkbpRXb4pdTERfM07_qWLQ88,ChIJkbpRXb4pdTERfM07_qWLQ88,Rửa + Gò Vấp,,Mas Huynh,,4,"Các bạn nhân viên rửa xe kỹ , sạch , lau xe ổn
Giá thành cao hơn vài tiệm ở gần khu vực , 220,000vnd cho xe 4 chỗ
Bạn nhân viên cẩn thận mở nắp capo kiểm tra có chuột vào hay không.
Không gian rộng - thoáng mát - kỹ thuật rửa tốt.",,,,,,2026-03-21,2026-03-21T03:06:56.151Z
ChZDSUhNMG9nS0VJQ0FnTURJZ3VucFZBEAE,ChIJkbpRXb4pdTERfM07_qWLQ88,ChIJkbpRXb4pdTERfM07_qWLQ88,Rửa + Gò Vấp,,Ngọc Ánh Hoàng,,2,"Nhân viên rửa quờ quạng, ko sạch. Sử dụng hoá chất tẩy mạnh, làm dàn nhựa nhám xe mình bạc ố màu. Hút bụi ko kỹ. Chất lượng quá tệ so với giá tiền 240k cho rửa cơ bản, hút bụi, xịt gầm. Ko ghé lần sau.",,,,,,2026-03-21,2026-03-21T03:06:56.151Z
Ci9DQUlRQUNvZENodHljRjlvT2pSdGQydFFRbTlvV1dscGIyRm5WMmxCWlU1ak1VRRAB,ChIJkbpRXb4pdTERfM07_qWLQ88,ChIJkbpRXb4pdTERfM07_qWLQ88,Rửa + Gò Vấp,,Vinh Nguyen,,5,"Chỗ rửa xe rất chuyên nghiệp, có phòng lạnh ngồi chờ trong lúc chờ xe rửa. Các bạn trẻ làm việc có tâm, rửa xe, hút bụi rất sạch sẽ. Giá hơi cao hơn mấy chỗ khác một chút nhưng bù lại dịch vụ tốt hơn và chuyên nghiệp hơn.",,,,,,2026-03-21,2026-03-21T03:06:56.151Z
ChdDSUhNMG9nS0VKMzFsTXpFdUt1MjZnRRAB,ChIJkbpRXb4pdTERfM07_qWLQ88,ChIJkbpRXb4pdTERfM07_qWLQ88,Rửa + Gò Vấp,,quốc toản nguyễn,,5,"Rất hài lòng với dịch vụ ở đây. Rửa xe nhanh chóng mà vẫn đảm bảo sạch bong kin kít. Giá cả cũng rất hợp lý so với chất lượng. Nhân viên vui vẻ, nhiệt tình. Sẽ giới thiệu cho bạn bè và người thân.",,,,,,2026-03-21,2026-03-21T03:06:56.151Z
ChZDSUhNMG9nS0VJQ0FnSUNPdzd5NUt3EAE,ChIJ1YVX-igvdTERaJMz766nH6U,ChIJ1YVX-igvdTERaJMz766nH6U,Tiệm Rửa Xe 39,,Matyi,,5,Always fast and friendly. Great service!,,,,,,2026-03-21,2026-03-21T03:06:56.151Z
ChZDSUhNMG9nS0VJQ0FnSURZbF9XclZ3EAE,ChIJ1YVX-igvdTERaJMz766nH6U,ChIJ1YVX-igvdTERaJMz766nH6U,Tiệm Rửa Xe 39,,Tai Bui,,4,ok.,,,,,,2026-03-21,2026-03-21T03:06:56.151Z
ChdDSUhNMG9nS0VJQ0FnSUNzeXJqdTdnRRAB,ChIJ1YVX-igvdTERaJMz766nH6U,ChIJ1YVX-igvdTERaJMz766nH6U,Tiệm Rửa Xe 39,,HUY TRẦN DƯƠNG,,5,Ok,,,,,,2026-03-21,2026-03-21T03:06:56.151Z
ChdDSUhNMG9nS0VJQ0FnSURVd19QMjFBRRAB,ChIJ1YVX-igvdTERaJMz766nH6U,ChIJ1YVX-igvdTERaJMz766nH6U,Tiệm Rửa Xe 39,,Đức Tài,,3,ok,,,,,,2026-03-21,2026-03-21T03:06:56.151Z
Ci9DQUlRQUNvZENodHljRjlvT25STFlsUjVNbTEzWkhGSFFVSlpWbGREVkZCdFdsRRAB,ChIJ1YVX-igvdTERaJMz766nH6U,ChIJ1YVX-igvdTERaJMz766nH6U,Tiệm Rửa Xe 39,,Mas Huynh,,4,"Chú Rửa xe tỉ mỉ chi tiết nhỏ
Nhưng rửa hơi nhanh nên chưa sạch lắm, chú nhiệt tình , xe máy cỡ lớn với giá 40 ngàn.
Sẽ ủng hộ tiệm",,,,,,2026-03-21,2026-03-21T03:06:56.151Z
ChdDSUhNMG9nS0VJQ0FnSURKX3FUTzR3RRAB,ChIJ1YVX-igvdTERaJMz766nH6U,ChIJ1YVX-igvdTERaJMz766nH6U,Tiệm Rửa Xe 39,,Pím Gaming,,1,"Rửa khá nhanh tầm 5p vì có rửa gì đâu, xe lúc chạy vào như nào lúc về y vậy, bọt tuyết + nước thế là lấy 30k 😀",,,,,,2026-03-21,2026-03-21T03:06:56.151Z
ChdDSUhNMG9nS0VJQ0FnSURoMWJtSDV3RRAB,ChIJ1YVX-igvdTERaJMz766nH6U,ChIJ1YVX-igvdTERaJMz766nH6U,Tiệm Rửa Xe 39,,syanh nguyen,,4,"Rửa xe ổn. Giá rửa xe con Air Blade là 30k tại thời điểm 14-03-23. Rửa tầm 15 đến 20p cho xe không dơ nhiều. Ở đây có thay nhớt được rửa xe miễn phí (nhớt Motul cho xe AB là 160k, được rửa xe miễn phí. Mình thay nhớt chỗ quen khác giá 145k).",,,,,,2026-03-21,2026-03-21T03:06:56.151Z
ChZDSUhNMG9nS0VJQ0FnSUNBMjc2R01BEAE,ChIJ1YVX-igvdTERaJMz766nH6U,ChIJ1YVX-igvdTERaJMz766nH6U,Tiệm Rửa Xe 39,,Thu Diệu,,5,"Giá rẻ mà rửa xe rất chuyên nghiệp, có phòng chờ nữa",,,,,,2026-03-21,2026-03-21T03:06:56.151Z
ChdDSUhNMG9nS0VJQ0FnSUM4cTk3cnNnRRAB,ChIJd_9VbR8vdTEROPUOjqft6Mc,ChIJd_9VbR8vdTEROPUOjqft6Mc,Rửa xe Hoàng,,Thi Dang,,3,Okay,,,,,,2026-03-21,2026-03-21T03:06:56.151Z
Ci9DQUlRQUNvZENodHljRjlvT21sTE1tMU1ObXcxVFY5WGRVSmxNbVZQVHpBeVVrRRAB,ChIJd_9VbR8vdTEROPUOjqft6Mc,ChIJd_9VbR8vdTEROPUOjqft6Mc,Rửa xe Hoàng,,tri vinh huynh,,1,"Vừa vô lịch sự hỏi giá sao á anh, 2 ông hằn hộc vô mà hỏi giá các thứ??? Ủa đi rửa xe không cho hỏi giá hả?? cơ bản ko biết dịch vụ ra sao nhưng đọc nhiều review thì thấy tệ thật.",,,,,,2026-03-21,2026-03-21T03:06:56.151Z
Ci9DQUlRQUNvZENodHljRjlvT2tobk1tOVpNRzFSY0ZaNmNtVlFUMUZtT0ZwMFQyYxAB,ChIJd_9VbR8vdTEROPUOjqft6Mc,ChIJd_9VbR8vdTEROPUOjqft6Mc,Rửa xe Hoàng,,Tai Tai,,4,Hãy ghé,,,,,,2026-03-21,2026-03-21T03:06:56.151Z
ChdDSUhNMG9nS0VJQ0FnSUR0OS02STFnRRAB,ChIJd_9VbR8vdTEROPUOjqft6Mc,ChIJd_9VbR8vdTEROPUOjqft6Mc,Rửa xe Hoàng,,Thanh Truc Nguyen Lam,,1,"Trước khi rửa xe có hỏi giá dc báo giá thay nhớt rửa xe tổng 170 mà lúc tính tiền lại lật lọng nói 200 tại xe số xe tay ga khác nhau. Thêm 30k ko có đáng mà thấy làm ăn không trung thực, bực lắm mà thấy toàn người lớn ko muốn kì kèo cho luôn nhưng sẽ mo quay lại nữa.",,,,,,2026-03-21,2026-03-21T03:06:56.151Z
ChZDSUhNMG9nS0VJQ0FnSUNvaGJTalJREAE,ChIJd_9VbR8vdTEROPUOjqft6Mc,ChIJd_9VbR8vdTEROPUOjqft6Mc,Rửa xe Hoàng,,Cung Nguyễn,,5,Cam on ace gan xa ung ho tiem cua minh,,,,,,2026-03-21,2026-03-21T03:06:56.151Z
ChdDSUhNMG9nS0VJQ0FnSUNndGE2d2p3RRAB,ChIJd_9VbR8vdTEROPUOjqft6Mc,ChIJd_9VbR8vdTEROPUOjqft6Mc,Rửa xe Hoàng,,ngu tam,,4,"rửa xe bình dân, khá sạch",,,,,,2026-03-21,2026-03-21T03:06:56.151Z
ChZDSUhNMG9nS0VJQ0FnSUR0OTg3SVhBEAE,ChIJd_9VbR8vdTEROPUOjqft6Mc,ChIJd_9VbR8vdTEROPUOjqft6Mc,Rửa xe Hoàng,,Trần Khai Minh,,1,"Giá thay nhớt xe ga lúc 120k, lúc 150k",,,,,,2026-03-21,2026-03-21T03:06:56.151Z
ChZDSUhNMG9nS0VJQ0FnSUNjcVlQX0t3EAE,ChIJd_9VbR8vdTEROPUOjqft6Mc,ChIJd_9VbR8vdTEROPUOjqft6Mc,Rửa xe Hoàng,,Vien Thach,,2,"Nhân viên rửa xe ẩu, rửa xong vẫn thấy dơ",,,,,,2026-03-21,2026-03-21T03:06:56.151Z
ChZDSUhNMG9nS0VJQ0FnSURUbUxEVlhBEAE,ChIJv7ct6zMvdTERf-RfP3cNIyk,ChIJv7ct6zMvdTERf-RfP3cNIyk,Shop Motorcycle Wash 170,,Nagy Bertalan,,5,"Great service! I had my pcx washed, it was done in 10-15 minutes, very thorough process, on a reasonable price. I was even offered a free drink while I wait. I’ll definitely come back.",,,,,,2026-03-21,2026-03-21T03:06:56.151Z
Ci9DQUlRQUNvZENodHljRjlvT25kQ01taG1RMGRoYUZCaGVETlRRMnd6UkZaME1HYxAB,ChIJv7ct6zMvdTERf-RfP3cNIyk,ChIJv7ct6zMvdTERf-RfP3cNIyk,Shop Motorcycle Wash 170,,Sean O Cillín,,1,"10 years I go there. Yes, I know today is Saturday and it is busy.  But after I come in 4 more people come after me and they all get serviced before me.
Is it because they are local and I am not.
I go there from  An Phu.
No more I am finished,
I will find a new place  😡😡😡😡",,,,,,2026-03-21,2026-03-21T03:06:56.151Z
ChZDSUhNMG9nS0VJQ0FnSUNvNDZqeGN3EAE,ChIJv7ct6zMvdTERf-RfP3cNIyk,ChIJv7ct6zMvdTERf-RfP3cNIyk,Shop Motorcycle Wash 170,,Nguyen Huu Anh Vu,,5,"Fast service, ~15 min to get your bike clean
Goodies: free drink for one washing time, free wash for changing oil.
Friendly staffs

They have nice seat, ""nice"" music/video to watch while waiting.",,,,,,2026-03-21,2026-03-21T03:06:56.151Z
Ci9DQUlRQUNvZENodHljRjlvT2tGUE5XRkRlSGRuT0RBdFFubG5VbTlDVURFd1gzYxAB,ChIJv7ct6zMvdTERf-RfP3cNIyk,ChIJv7ct6zMvdTERf-RfP3cNIyk,Shop Motorcycle Wash 170,,Tin Ha,,5,"Good service, 5 out of 5 star!",,,,,,2026-03-21,2026-03-21T03:06:56.151Z
ChdDSUhNMG9nS0VJQ0FnSUNvcVBPMDVnRRAB,ChIJv7ct6zMvdTERf-RfP3cNIyk,ChIJv7ct6zMvdTERf-RfP3cNIyk,Shop Motorcycle Wash 170,,Tu Nguyen M,,5,"Fast, clean with good price. I brough my here to wash before Têt: 27k wash, 132k oil and got drink while waiting.",,,,,,2026-03-21,2026-03-21T03:06:56.151Z
ChZDSUhNMG9nS0VJQ0FnSURDcV8tME1REAE,ChIJv7ct6zMvdTERf-RfP3cNIyk,ChIJv7ct6zMvdTERf-RfP3cNIyk,Shop Motorcycle Wash 170,,Hoovie the,,5,"In and out in 15 minutes.  I said I drove the motorbike through the mud, very dirty.  How much extra do I have to pay?  They said no, same price. WOW! Honest business practices.  Definitely will use this place again.  30K for Honda Wave.",,,,,,2026-03-21,2026-03-21T03:06:56.151Z
ChZDSUhNMG9nS0VJQ0FnSURwenNUcGVREAE,ChIJv7ct6zMvdTERf-RfP3cNIyk,ChIJv7ct6zMvdTERf-RfP3cNIyk,Shop Motorcycle Wash 170,,Mark Marino,,5,My favorite place for a motorbike wash This guy was awesome. My new all time favorite. Great coffee stand right outside the location.,,,,,,2026-03-21,2026-03-21T03:06:56.151Z
ChdDSUhNMG9nS0VJQ0FnSURndV9TaDh3RRAB,ChIJv7ct6zMvdTERf-RfP3cNIyk,ChIJv7ct6zMvdTERf-RfP3cNIyk,Shop Motorcycle Wash 170,,Daniel,,5,"My go-to for when my motorbike needs to be washed. Free wifi and comfy sitting area. If you change oil, the wash is free and you get a soda as well.",,,,,,2026-03-21,2026-03-21T03:06:56.151Z
Ci9DQUlRQUNvZENodHljRjlvT2kxUVQybGpaVFJwYVRsRVQxbGtjMEY0TXpsS1NGRRAB,ChIJBRwQhiEvdTER3nNM1IQr4AU,ChIJBRwQhiEvdTER3nNM1IQr4AU,Rửa xe 100B,,Đông Lê Trần Tiến,,1,Đã rửa xe ở đây . Rửa qua loa chưa tới 10ph mà rửa xe máy đòi 50 ngàn ngang giá rửa oto luôn. Một lần và mãi mãi không bao giờ ghé lại,,,,,,2026-03-21,2026-03-21T03:06:56.151Z
ChZDSUhNMG9nS0VMX0c1dmJHOXBLNUxnEAE,ChIJBRwQhiEvdTER3nNM1IQr4AU,ChIJBRwQhiEvdTER3nNM1IQr4AU,Rửa xe 100B,,Cẩm Giang Lê Thị,,5,"Rửa xe rất sạch rất kỷ xe, lau chùi rửa từng chi tiết nhỏ, rửa xong xe như mới rất hài lòng về dịch vụ của tiệm.",,,,,,2026-03-21,2026-03-21T03:06:56.151Z
Ci9DQUlRQUNvZENodHljRjlvT2pGVlpubFlOMUJLWkhkWE0wcHFRbVp0YVZsVU5FRRAB,ChIJBRwQhiEvdTER3nNM1IQr4AU,ChIJBRwQhiEvdTER3nNM1IQr4AU,Rửa xe 100B,,Thiên Hà,,5,chú rửa siêu kĩ mà muỗi nhiều hahaa,,,,,,2026-03-21,2026-03-21T03:06:56.151Z
ChdDSUhNMG9nS0VPcnJ5WmI3aW9PTXpRRRAB,ChIJBRwQhiEvdTER3nNM1IQr4AU,ChIJBRwQhiEvdTER3nNM1IQr4AU,Rửa xe 100B,,My Long,,1,"Trước giờ không đánh giá qua bao giờ nhưng lần này phải đánh giá. Rửa xa rất nhanh chưa tới 10p đã xong. Mình có xem giờ chính xác là chưa tới 10p. Lúc xong thì mình có nhìn sơ qua,rửa rất sơ sài, không có tâm, có chỗ còn rất rất bẩn. Lấy mình 45k 1 chiếv không xứng đáng. Và thái độ của chú cũng không mấy thân thiện, không nói không rằng( nhưng mình cũng chẳng quan tâm chỉ quan tâm chất lượng dịch vụ) nhưng không thoả đáng lần đầu tiên thấy chỗ rửa xe rửa như vậy. Lần đầu như lần cuối. Thấy gần nhà và đọc cmt mng khen tưởng thật ai dè chắc toàn seeding ;)))",,,,,,2026-03-21,2026-03-21T03:06:56.151Z
ChdDSUhNMG9nS0VJQ0FnSURuMTdHaW5RRRAB,ChIJBRwQhiEvdTER3nNM1IQr4AU,ChIJBRwQhiEvdTER3nNM1IQr4AU,Rửa xe 100B,,Thach Thanh Truong,,5,"Chú rửa quá ok luôn nhé mọi người, rất kĩ",,,,,,2026-03-21,2026-03-21T03:06:56.151Z
ChdDSUhNMG9nS0VJQ0FnSUNubzVUenVBRRAB,ChIJBRwQhiEvdTER3nNM1IQr4AU,ChIJBRwQhiEvdTER3nNM1IQr4AU,Rửa xe 100B,,TRƯƠNG NGUYỄN THANH,,5,"Nghe mọi người review là rửa kỹ, ghé thử thì thấy ảnh rửa kỹ thật, kỳ cọ từng chút",,,,,,2026-03-21,2026-03-21T03:06:56.151Z
ChdDSUhNMG9nS0VJQ0FnSUNiMGR6NmhBRRAB,ChIJBRwQhiEvdTER3nNM1IQr4AU,ChIJBRwQhiEvdTER3nNM1IQr4AU,Rửa xe 100B,,Khải Trần,,5,"Chú rửa xe siêu kỹ,ngồi rửa tung chi tiết ngóc ngách.10đ",,,,,,2026-03-21,2026-03-21T03:06:56.151Z
Ci9DQUlRQUNvZENodHljRjlvT20xblZGa3dRMHBJYmxscVduQjJUVlJPVHpkMmIyYxAB,ChIJBRwQhiEvdTER3nNM1IQr4AU,ChIJBRwQhiEvdTER3nNM1IQr4AU,Rửa xe 100B,,Lòng Thế,,5,"Mọi người ở đây đều rất niềm nở và vui vẻ. Trang trí đẹp mắt, cảm giác rất chill.",,,,,,2026-03-21,2026-03-21T03:06:56.151Z
ChZDSUhNMG9nS0VJQ0FnSUR4amE2TVJnEAE,ChIJZXS7KtkudTERR1DL-aT9xH8,ChIJZXS7KtkudTERR1DL-aT9xH8,Rửa xe Kỳ Hòa,,Aravind Nagarajah,,5,"Simple car wash place near d3, for bikes and cars...quick service and reasonable pricing",,,,,,2026-03-21,2026-03-21T03:06:56.151Z
ChZDSUhNMG9nS0VJQ0FnSUN1OGZHZU1REAE,ChIJZXS7KtkudTERR1DL-aT9xH8,ChIJZXS7KtkudTERR1DL-aT9xH8,Rửa xe Kỳ Hòa,,ChanhNiem VoThuong,,5,Ok,,,,,,2026-03-21,2026-03-21T03:06:56.151Z
ChdDSUhNMG9nS0VJQ0FnSURKNjlEYXRRRRAB,ChIJZXS7KtkudTERR1DL-aT9xH8,ChIJZXS7KtkudTERR1DL-aT9xH8,Rửa xe Kỳ Hòa,,Truong Phu Cuong,,5,"Friendly, great service",,,,,,2026-03-21,2026-03-21T03:06:56.151Z
ChdDSUhNMG9nS0VJQ0FnSUN1dTZtMmhBRRAB,ChIJZXS7KtkudTERR1DL-aT9xH8,ChIJZXS7KtkudTERR1DL-aT9xH8,Rửa xe Kỳ Hòa,,Bùi Dũng,,5,Very execelence,,,,,,2026-03-21,2026-03-21T03:06:56.151Z
ChZDSUhNMG9nS0VJQ0FnSURtNVpleUtBEAE,ChIJZXS7KtkudTERR1DL-aT9xH8,ChIJZXS7KtkudTERR1DL-aT9xH8,Rửa xe Kỳ Hòa,,Trùng Dương Music,,5,Good service,,,,,,2026-03-21,2026-03-21T03:06:56.151Z
ChdDSUhNMG9nS0VJQ0FnSUNtc09ULTNBRRAB,ChIJZXS7KtkudTERR1DL-aT9xH8,ChIJZXS7KtkudTERR1DL-aT9xH8,Rửa xe Kỳ Hòa,,Nguyễn Minh Nhựt,,4,Ok,,,,,,2026-03-21,2026-03-21T03:06:56.151Z
ChdDSUhNMG9nS0VJQ0FnSUN3ei0tSWhRRRAB,ChIJZXS7KtkudTERR1DL-aT9xH8,ChIJZXS7KtkudTERR1DL-aT9xH8,Rửa xe Kỳ Hòa,,Phu Bui,,4,Good services,,,,,,2026-03-21,2026-03-21T03:06:56.151Z
Ci9DQUlRQUNvZENodHljRjlvT25FelpWQkpVVzFHYXpGM00waFdUV2xUV1hoZk1WRRAB,ChIJZXS7KtkudTERR1DL-aT9xH8,ChIJZXS7KtkudTERR1DL-aT9xH8,Rửa xe Kỳ Hòa,,VSX Minh,,4,"Thấy mọi người review tệ quá nên cũng lo, tuy nhiên cũng tạm ok. 170k cho 3 món rửa gầm, ngoài và trong xe. 30k tip.",,,,,,2026-03-21,2026-03-21T03:06:56.151Z
Ci9DQUlRQUNvZENodHljRjlvT21KdFZsUmFPSHBPTkVaaWNFZHlZVzAxZFRKblJsRRAB,ChIJOaLdHtUudTERUEZfCm_bDLs,ChIJOaLdHtUudTERUEZfCm_bDLs,Rửa Xe Tiến Đạt 2,,Lam tuyền Nguyễn ngọc (Louisngoctram),,5,Ok,,,,,,2026-03-21,2026-03-21T03:06:56.151Z
Ci9DQUlRQUNvZENodHljRjlvT21keWExTk1Na2x6YjJSeFRHWldVbmd0ZURBMGVIYxAB,ChIJOaLdHtUudTERUEZfCm_bDLs,ChIJOaLdHtUudTERUEZfCm_bDLs,Rửa Xe Tiến Đạt 2,,Min Min,,1,Tháng 6 rửa 30k- tháng 7 rửa 35k. Hỏi lại thì bảo đó giờ 35k. Rồi mình bảo rửa đây thường xuyên. Bảo nhà nước lên. Chứ dân đây k lên. Mẹ làm ăn kinh doanh k được thì dẹp. Ở đó đổ vs thừa.,,,,,,2026-03-21,2026-03-21T03:06:56.151Z
ChZDSUhNMG9nS0VJQ0FnSURpcEp1YU1BEAE,ChIJOaLdHtUudTERUEZfCm_bDLs,ChIJOaLdHtUudTERUEZfCm_bDLs,Rửa Xe Tiến Đạt 2,,謝國豪,,5,,,,,,,2026-03-21,2026-03-21T03:06:56.151Z
ChdDSUhNMG9nS0VJQ0FnSUNRb3BqemtRRRAB,ChIJOaLdHtUudTERUEZfCm_bDLs,ChIJOaLdHtUudTERUEZfCm_bDLs,Rửa Xe Tiến Đạt 2,,Oxlove Bx,,5,,,,,,,2026-03-21,2026-03-21T03:06:56.151Z
ChdDSUhNMG9nS0VJQ0FnSURZdS1PVjNnRRAB,ChIJvYcOjuQodTER-rZvU9XLEfQ,ChIJvYcOjuQodTER-rZvU9XLEfQ,Tiệm Rửa XeTrung Tín,,Cà rốt Củ cải,,5,"Nơi khung cảnh tuyệt vời có 2 bụi tre râm mát với thức uống sạch ngon lành bổ dưỡng , cafe hạt nguyên chất 😍 nhân viên phục vụ nhiệt tình 🌹",,,,,,2026-03-21,2026-03-21T03:06:56.151Z
ChZDSUhNMG9nS0VJQ0FnSURnNXZ6NWRREAE,ChIJvYcOjuQodTER-rZvU9XLEfQ,ChIJvYcOjuQodTER-rZvU9XLEfQ,Tiệm Rửa XeTrung Tín,,Chàng Ngốc,,4,"Tiệm rửa xe rất sạch, bao nhanh luôn, trong khi ngồi rửa xe có thể vào quán uống cafe...",,,,,,2026-03-21,2026-03-21T03:06:56.151Z
ChZDSUhNMG9nS0VJQ0FnSURBcXFEVlZBEAE,ChIJvYcOjuQodTER-rZvU9XLEfQ,ChIJvYcOjuQodTER-rZvU9XLEfQ,Tiệm Rửa XeTrung Tín,,Võ-Tòng Anh (Teddy),,4,"Rửa xe sạch, ngang đường có hàng cây mát mẻ trong lúc chờ, có thể gọi nước uống. Xe mô tô rửa 25k (Sep 2017)",,,,,,2026-03-21,2026-03-21T03:06:56.151Z
ChdDSUhNMG9nS0VJQ0FnSURJenBQdm93RRAB,ChIJvYcOjuQodTER-rZvU9XLEfQ,ChIJvYcOjuQodTER-rZvU9XLEfQ,Tiệm Rửa XeTrung Tín,,Hoi Dang Huynh Quoc,,5,Thích rửa xe ở tiệm này vì sát bên có Quán nước với Hàng tre cực kì mát,,,,,,2026-03-21,2026-03-21T03:06:56.151Z
ChZDSUhNMG9nS0VJQ0FnSUNyellIR0tREAE,ChIJvYcOjuQodTER-rZvU9XLEfQ,ChIJvYcOjuQodTER-rZvU9XLEfQ,Tiệm Rửa XeTrung Tín,,TDKhang0127,,1,"Rửa xe + ly chanh dây hết 80k, anh thợ xin thêm 20k tại ảnh rửa kỹ
Mà xe đem ra ướt + 0 xịt hơi, cho khô, lúc rửa ảnh còn chê xe dơ",,,,,,2026-03-21,2026-03-21T03:06:56.151Z
ChZDSUhNMG9nS0VJQ0FnSUNKNnZTYkxBEAE,ChIJvYcOjuQodTER-rZvU9XLEfQ,ChIJvYcOjuQodTER-rZvU9XLEfQ,Tiệm Rửa XeTrung Tín,,Ho Kim Ngan,,1,"Rửa xe rất ẩu,đem cái xe ướt nhẹp ra cho khách,không có xịt khí , còn kèo kéo dô uống cafe .",,,,,,2026-03-21,2026-03-21T03:06:56.151Z
ChdDSUhNMG9nS0VJQ0FnSUQtbzl1WGxRRRAB,ChIJvYcOjuQodTER-rZvU9XLEfQ,ChIJvYcOjuQodTER-rZvU9XLEfQ,Tiệm Rửa XeTrung Tín,,NQT channel,,1,"Chỗ này thì mọi người né né ra xa nha rửa thì ẩu, mà giá 50k là thấy chua rồi,",,,,,,2026-03-21,2026-03-21T03:06:56.151Z
ChZDSUhNMG9nS0VJQ0FnSURtcHF6TGVnEAE,ChIJvYcOjuQodTER-rZvU9XLEfQ,ChIJvYcOjuQodTER-rZvU9XLEfQ,Tiệm Rửa XeTrung Tín,,Lake Sierra Vise Ell,,1,"Rửa xe bình thường, giá đắt, 150 pk hết 50k",,,,,,2026-03-21,2026-03-21T03:06:56.151Z
ChdDSUhNMG9nS0VJQ0FnSUN3NjQyR3JnRRAB,ChIJM5mkDZgudTERa_PHXXgHoII,ChIJM5mkDZgudTERa_PHXXgHoII,Rửa xe Hoàng Quân,,Bạch Long,,5,Rửa bao sạch,,,,,,2026-03-21,2026-03-21T03:06:56.151Z
ChZDSUhNMG9nS0VJQ0FnSUM0X3NQbFJBEAE,ChIJM5mkDZgudTERa_PHXXgHoII,ChIJM5mkDZgudTERa_PHXXgHoII,Rửa xe Hoàng Quân,,Sang Trần,,5,Sach,,,,,,2026-03-21,2026-03-21T03:06:56.151Z
ChZDSUhNMG9nS0VJQ0FnSUNVcThITFJREAE,ChIJM5mkDZgudTERa_PHXXgHoII,ChIJM5mkDZgudTERa_PHXXgHoII,Rửa xe Hoàng Quân,,Thang Cao,,2,,,,,,,2026-03-21,2026-03-21T03:06:56.151Z
ChZDSUhNMG9nS0VJQ0FnSUM0enBLc2JREAE,ChIJM5mkDZgudTERa_PHXXgHoII,ChIJM5mkDZgudTERa_PHXXgHoII,Rửa xe Hoàng Quân,,Hương Trịnh,,5,,,,,,,2026-03-21,2026-03-21T03:06:56.151Z
ChZDSUhNMG9nS0VJQ0FnSUM0NVAtUUlnEAE,ChIJM5mkDZgudTERa_PHXXgHoII,ChIJM5mkDZgudTERa_PHXXgHoII,Rửa xe Hoàng Quân,,Đức Hậu,,5,,,,,,,2026-03-21,2026-03-21T03:06:56.151Z
ChdDSUhNMG9nS0VJQ0FnSURZOHB5QjZnRRAB,ChIJM5mkDZgudTERa_PHXXgHoII,ChIJM5mkDZgudTERa_PHXXgHoII,Rửa xe Hoàng Quân,,adidas Sniper,,3,,,,,,,2026-03-21,2026-03-21T03:06:56.151Z
ChdDSUhNMG9nS0VJQ0FnSURRNTUyZjhBRRAB,ChIJM5mkDZgudTERa_PHXXgHoII,ChIJM5mkDZgudTERa_PHXXgHoII,Rửa xe Hoàng Quân,,Hạnh Phúc Trần thi,,4,,,,,,,2026-03-21,2026-03-21T03:06:56.151Z
ChZDSUhNMG9nS0VJQ0FnSURnLWZTRVBREAE,ChIJM5mkDZgudTERa_PHXXgHoII,ChIJM5mkDZgudTERa_PHXXgHoII,Rửa xe Hoàng Quân,,Nuo Tuan,,3,,,,,,,2026-03-21,2026-03-21T03:06:56.151Z